designacao,cre,alf_le_resultado,alf_le_meta_2026,alf_le_crescimento_esperado,alf_mat_resultado,alf_mat_meta_2026,alf_mat_crescimento_esperado,iderio_4_resultado,iderio_4_meta_2026,iderio_4_crescimento_esperado,iderio_5_resultado,iderio_5_meta_2026,iderio_5_crescimento_esperado,indicador_rendimento_ai_resultado,indicador_rendimento_ai_meta_2026,indicador_rendimento_ai_crescimento_esperado,iderio_8_resultado,iderio_8_meta_2026,iderio_8_crescimento_esperado,iderio_9_resultado,iderio_9_meta_2026,iderio_9_crescimento_esperado,indicador_rendimento_af_resultado,indicador_rendimento_af_meta_2026,indicador_rendimento_af_crescimento_esperado
101001,1,,,,,,,,,,,,,,,,3.9,4.7,0.8,4.3,5.2,0.9,,,
101003,1,64.0,69.0,5.0,65.0,69.0,4.0,5.0,5.6,0.6,5.8,6.4,0.6,,,,,,,,,,,,
101004,1,54.0,60.0,6.0,92.0,93.0,1.0,4.8,5.4,0.6,4.6,5.6,1.0,,,,4.0,4.7,0.7,4.4,5.1,0.7,,,
101005,1,54.0,60.0,6.0,48.0,60.0,12.0,4.8,5.4,0.6,5.7,6.3,0.6,,,,,,,,,,0.99,0.99,0.0
101006,1,67.0,71.0,4.0,86.0,88.0,2.0,5.0,5.6,0.6,6.1,6.6,0.5,,,,,,,,,,,,
101007,1,,,,,,,,,,,,,,,,4.4,4.9,0.5,4.8,5.3,0.5,,,
101008,1,71.0,75.0,4.0,89.0,90.0,1.0,5.4,5.9,0.5,6.1,6.7,0.6,,,,,,,,,,,,
101009,1,,,,,,,,,,,,,,,,4.3,4.8,0.5,4.9,5.4,0.5,,,
101011,1,,,,,,,,,,,,,,,,4.9,5.2,0.3,5.2,5.6,0.4,,,
101012,1,60.0,65.0,5.0,79.0,82.0,3.0,5.3,5.8,0.5,6.4,6.8,0.4,,,,,,,,,,,,
101501,1,57.0,63.0,6.0,61.0,65.0,4.0,4.9,5.5,0.6,5.4,6.2,0.8,,,,,,,,,,,,
102001,1,,,,,,,,,,,,,,,,4.7,5.1,0.4,5.5,5.8,0.3,,,
102002,1,81.0,83.0,2.0,86.0,88.0,2.0,5.7,6.0,0.3,7.0,7.2,0.2,,,,,,,,,,,,
102004,1,,,,,,,,,,,,,,,,4.4,5.0,0.6,4.4,5.2,0.8,,,
102005,1,,,,,,,,,,,,,,,,4.6,5.0,0.4,5.0,5.5,0.5,,,
102006,1,66.0,70.0,4.0,48.0,60.0,12.0,5.7,6.0,0.3,6.0,6.5,0.5,,,,,,,,,,,,
102007,1,,,,,,,,,,,,,,,,5.1,5.2,0.1,5.9,6.0,0.1,,,
102501,1,62.0,67.0,5.0,61.0,65.0,4.0,5.4,5.8,0.4,5.7,6.4,0.7,,,,,,,,,,,,
102505,1,73.0,76.0,3.0,81.0,83.0,2.0,4.9,5.5,0.6,5.7,6.4,0.7,,,,,,,,,,,,
103001,1,60.0,65.0,5.0,65.0,69.0,4.0,4.8,5.4,0.6,5.2,6.1,0.9,,,,3.7,4.5,0.8,4.7,5.3,0.6,,,
103003,1,51.0,58.0,7.0,61.0,65.0,4.0,5.2,5.8,0.6,5.1,5.9,0.8,,,,,,,,,,0.99,0.99,0.0
103004,1,81.0,83.0,2.0,78.0,81.0,3.0,5.7,6.0,0.3,6.2,6.6,0.4,,,,5.2,5.3,0.1,5.4,5.7,0.3,,,
103005,1,65.0,70.0,5.0,63.0,67.0,4.0,6.0,6.1,0.1,6.4,6.8,0.4,,,,,,,,,,,,
103006,1,,,,,,,,,,,,,,,,3.5,4.3,0.8,4.0,4.8,0.8,,,
103501,1,75.0,78.0,3.0,87.0,89.0,2.0,5.2,5.8,0.6,6.5,6.9,0.4,,,,,,,,,,,,
103502,1,48.0,55.0,7.0,62.0,66.0,4.0,5.1,5.7,0.6,5.2,6.1,0.9,,,,,,,,,,,,
107001,1,,,,,,,,,,,,,,,,4.4,4.8,0.4,5.0,5.5,0.5,,,
107002,1,,,,,,,,,,,,,,,,5.3,5.4,0.1,6.1,6.2,0.1,,,
107003,1,68.0,72.0,4.0,75.0,78.0,3.0,5.7,6.0,0.3,6.4,6.9,0.5,,,,,,,,,,0.99,0.99,0.0
107004,1,45.0,52.0,7.0,63.0,67.0,4.0,5.7,6.0,0.3,6.6,7.0,0.4,,,,,,,,,,,,
107005,1,63.0,68.0,5.0,71.0,74.0,3.0,5.5,5.9,0.4,6.2,6.7,0.5,,,,,,,,,,0.99,0.99,0.0
107006,1,76.0,79.0,3.0,53.0,60.0,7.0,6.3,6.2,0.0,6.4,6.8,0.4,,,,,,,,,,,,
107007,1,59.0,64.0,5.0,58.0,62.0,4.0,6.1,6.2,0.1,,,,,,,,,,,,,,,
107008,1,64.0,69.0,5.0,92.0,93.0,1.0,,,,,,,0.98,0.99,0.01,,,,,,,,,
107009,1,,,,,,,,,,,,,,,,4.1,4.8,0.7,4.4,5.1,0.7,,,
107011,1,,,,,,,,,,,,,,,,4.5,5.0,0.5,4.8,5.4,0.6,,,
107012,1,28.0,50.0,22.0,77.0,80.0,3.0,6.0,6.2,0.2,5.5,6.2,0.7,,,,,,,,,,,,
107013,1,42.0,50.0,8.0,54.0,60.0,6.0,5.1,5.7,0.6,5.1,6.0,0.9,,,,,,,,,,,,
107016,1,64.0,69.0,5.0,77.0,80.0,3.0,6.3,6.2,0.0,7.4,7.5,0.1,,,,,,,,,,,,
107017,1,,,,,,,,,,,,,,,,3.7,4.5,0.8,4.2,5.0,0.8,,,
107501,1,59.0,65.0,6.0,67.0,71.0,4.0,5.4,5.9,0.5,5.8,6.5,0.7,,,,,,,,,,,,
107502,1,70.0,74.0,4.0,87.0,89.0,2.0,5.8,6.1,0.3,5.9,6.6,0.7,,,,,,,,,,0.99,0.99,0.0
121001,1,83.0,85.0,2.0,81.0,83.0,2.0,5.6,6.0,0.4,5.8,6.5,0.7,,,,5.7,5.8,0.1,5.3,5.6,0.3,,,
123001,1,85.0,87.0,2.0,45.0,60.0,15.0,6.1,6.2,0.1,6.6,7.0,0.4,,,,,,,,,,,,
123002,1,82.0,84.0,2.0,61.0,65.0,4.0,5.3,5.8,0.5,5.9,6.5,0.6,,,,5.5,5.6,0.1,6.3,6.4,0.1,,,
123003,1,67.0,71.0,4.0,80.0,82.0,2.0,5.0,5.6,0.6,5.4,6.1,0.7,,,,,,,,,,,,
123004,1,,,,,,,,,,,,,,,,4.7,5.0,0.3,5.7,5.8,0.1,,,
204001,2,,,,,,,,,,,,,,,,4.9,5.2,0.3,5.8,5.9,0.1,,,
204002,2,80.0,82.0,2.0,96.0,96.0,0.0,5.8,6.0,0.2,6.7,7.0,0.3,,,,,,,,,,,,
204003,2,88.0,89.0,1.0,86.0,88.0,2.0,6.4,6.2,0.0,7.5,7.5,0.0,,,,,,,,,,,,
204004,2,78.0,81.0,3.0,82.0,84.0,2.0,4.9,5.5,0.6,6.0,6.6,0.6,,,,,,,,,,,,
204005,2,,,,,,,,,,,,,,,,5.2,5.3,0.1,5.7,5.8,0.1,,,
204006,2,82.0,84.0,2.0,95.0,95.0,0.0,6.1,6.2,0.1,7.4,7.5,0.1,,,,,,,,,,,,
204007,2,48.0,55.0,7.0,70.0,73.0,3.0,5.9,6.1,0.2,5.9,6.5,0.6,,,,,,,,,,,,
204008,2,87.0,88.0,1.0,76.0,79.0,3.0,6.1,6.2,0.1,6.5,6.9,0.4,,,,,,,,,,,,
204009,2,40.0,50.0,10.0,57.0,61.0,4.0,4.2,4.8,0.6,5.6,6.3,0.7,,,,,,,,,,,,
204010,2,71.0,75.0,4.0,74.0,77.0,3.0,6.0,6.1,0.1,6.9,7.2,0.3,,,,,,,,,,,,
204011,2,,,,,,,,,,,,,,,,4.9,5.2,0.3,5.5,5.8,0.3,,,
204012,2,70.0,74.0,4.0,71.0,74.0,3.0,5.4,5.9,0.5,5.9,6.5,0.6,,,,,,,,,,,,
204014,2,,,,,,,,,,,,,,,,5.5,5.6,0.1,5.7,5.8,0.1,,,
204015,2,,,,,,,,,,,,,,,,5.6,5.7,0.1,6.2,6.3,0.1,,,
204017,2,,,,,,,,,,,,,,,,5.0,5.2,0.2,5.5,5.7,0.2,,,
204018,2,96.0,96.0,0.0,78.0,81.0,3.0,5.8,6.0,0.2,7.2,7.3,0.1,,,,5.7,5.8,0.1,5.6,5.8,0.2,,,
204019,2,89.0,90.0,1.0,87.0,89.0,2.0,6.0,6.1,0.1,7.1,7.2,0.1,,,,4.9,5.2,0.3,5.3,5.7,0.4,,,
204021,2,93.0,93.0,0.0,100.0,100.0,0.0,6.5,6.2,0.0,6.2,6.8,0.6,,,,,,,,,,,,
204501,2,75.0,78.0,3.0,74.0,77.0,3.0,5.6,6.0,0.4,5.8,6.5,0.7,,,,,,,,,,,,
204502,2,77.0,80.0,3.0,67.0,70.0,3.0,5.3,5.8,0.5,6.4,6.8,0.4,,,,,,,,,,,,
205001,2,84.0,86.0,2.0,86.0,88.0,2.0,5.1,5.7,0.6,5.7,6.3,0.6,,,,4.9,5.1,0.2,5.0,5.4,0.4,,,
205003,2,69.0,73.0,4.0,77.0,80.0,3.0,6.1,6.2,0.1,6.4,6.8,0.4,,,,,,,,,,,,
205004,2,87.0,88.0,1.0,87.0,89.0,2.0,6.0,6.1,0.1,6.9,7.1,0.2,,,,5.0,5.2,0.2,6.2,6.3,0.1,,,
205006,2,100.0,100.0,0.0,91.0,92.0,1.0,5.9,6.1,0.2,6.8,7.1,0.3,,,,,,,,,,,,
205007,2,90.0,91.0,1.0,90.0,91.0,1.0,5.9,6.1,0.2,6.9,7.2,0.3,,,,,,,,,,0.99,0.99,0.0
205008,2,47.0,54.0,7.0,62.0,66.0,4.0,4.7,5.3,0.6,4.3,5.3,1.0,,,,3.7,4.5,0.8,4.2,5.2,1.0,,,
205009,2,,,,,,,,,,,,,,,,5.1,5.2,0.1,5.3,5.7,0.4,,,
206001,2,75.0,78.0,3.0,56.0,60.0,4.0,,,,,,,1.0,0.99,0.0,,,,,,,,,
206002,2,,,,,,,,,,,,,,,,4.4,4.9,0.5,5.0,5.5,0.5,,,
206003,2,67.0,71.0,4.0,75.0,78.0,3.0,5.3,5.8,0.5,5.6,6.3,0.7,,,,4.7,5.1,0.4,4.9,5.4,0.5,,,
206004,2,61.0,66.0,5.0,96.0,96.0,0.0,5.7,6.0,0.3,6.2,6.8,0.6,,,,4.6,5.1,0.5,4.9,5.5,0.6,,,
206005,2,,,,,,,,,,,,,,,,4.6,5.0,0.4,5.0,5.4,0.4,,,
206006,2,96.0,96.0,0.0,88.0,90.0,2.0,5.7,6.0,0.3,6.7,7.0,0.3,,,,,,,,,,,,
206007,2,77.0,80.0,3.0,87.0,89.0,2.0,6.4,6.2,0.0,6.9,7.1,0.2,,,,,,,,,,,,
206008,2,83.0,85.0,2.0,86.0,88.0,2.0,7.2,6.9,0.0,7.4,7.5,0.1,,,,,,,,,,,,
206010,2,80.0,82.0,2.0,100.0,100.0,0.0,6.5,6.2,0.0,6.5,6.9,0.4,,,,,,,,,,,,
206011,2,66.0,70.0,4.0,83.0,85.0,2.0,6.3,6.2,0.0,5.7,6.3,0.6,,,,,,,,,,,,
206012,2,,,,,,,,,,,,,,,,4.5,5.0,0.5,5.2,5.7,0.5,,,
206015,2,,,,,,,,,,,,,,,,5.3,5.4,0.1,5.9,6.0,0.1,,,
206016,2,64.0,69.0,5.0,60.0,64.0,4.0,4.9,5.5,0.6,6.6,6.9,0.3,,,,,,,,,,,,
206017,2,88.0,89.0,1.0,99.0,99.0,0.0,,,,,,,1.0,0.99,0.0,,,,,,,,,
206018,2,71.0,75.0,4.0,97.0,97.0,0.0,5.6,5.9,0.3,6.7,7.0,0.3,,,,,,,,,,,,
206019,2,,,,,,,,,,,,,,,,5.3,5.4,0.1,5.4,5.7,0.3,,,
206020,2,,,,,,,,,,,,,,,,4.3,4.9,0.6,5.1,5.6,0.5,,,
206021,2,,,,,,,,,,,,,,,,4.5,5.0,0.5,4.9,5.5,0.6,,,
206022,2,94.0,94.0,0.0,97.0,97.0,0.0,5.9,6.1,0.2,6.7,7.0,0.3,,,,,,,,,,,,
206023,2,57.0,63.0,6.0,55.0,60.0,5.0,4.9,5.5,0.6,5.5,6.2,0.7,,,,,,,,,,,,
206024,2,77.0,80.0,3.0,56.0,60.0,4.0,5.6,6.0,0.4,6.2,6.8,0.6,,,,,,,,,,,,
206501,2,43.0,51.0,8.0,64.0,68.0,4.0,5.4,5.9,0.5,5.3,6.1,0.8,,,,,,,,,,,,
206502,2,58.0,64.0,6.0,64.0,68.0,4.0,5.6,5.9,0.3,6.3,6.7,0.4,,,,,,,,,,,,
208001,2,60.0,65.0,5.0,47.0,60.0,13.0,5.3,5.8,0.5,6.4,6.8,0.4,,,,,,,,,,,,
208002,2,93.0,93.0,0.0,100.0,100.0,0.0,5.9,6.1,0.2,6.4,6.8,0.4,,,,4.6,5.0,0.4,4.7,5.3,0.6,,,
208003,2,,,,,,,,,,,,,,,,4.0,4.7,0.7,4.4,5.1,0.7,,,
208004,2,,,,,,,,,,,,,,,,5.0,5.2,0.2,4.9,5.4,0.5,,,
208005,2,58.0,64.0,6.0,85.0,87.0,2.0,,,,,,,1.0,0.99,0.0,,,,,,,,,
208006,2,98.0,98.0,0.0,90.0,91.0,1.0,6.0,6.1,0.1,5.8,6.5,0.7,,,,,,,,,,,,
208007,2,80.0,82.0,2.0,87.0,89.0,2.0,4.9,5.5,0.6,6.7,7.0,0.3,,,,5.1,5.3,0.2,5.4,5.7,0.3,,,
208008,2,84.0,86.0,2.0,75.0,78.0,3.0,6.5,6.2,0.0,6.5,6.9,0.4,,,,,,,,,,,,
208009,2,78.0,81.0,3.0,76.0,79.0,3.0,4.9,5.5,0.6,6.0,6.5,0.5,,,,4.6,5.1,0.5,4.9,5.5,0.6,,,
208010,2,64.0,69.0,5.0,71.0,74.0,3.0,4.3,4.9,0.6,5.1,6.1,1.0,,,,3.3,4.1,0.8,3.8,4.8,1.0,,,
208011,2,77.0,80.0,3.0,100.0,100.0,0.0,4.2,4.8,0.6,5.1,6.0,0.9,,,,,,,,,,,,
208012,2,,,,,,,,,,,,,,,,5.0,5.2,0.2,5.0,5.5,0.5,,,
208013,2,87.0,88.0,1.0,91.0,92.0,1.0,5.4,5.9,0.5,6.7,7.0,0.3,,,,,,,,,,,,
208014,2,71.0,75.0,4.0,60.0,64.0,4.0,5.2,5.7,0.5,,,,,,,,,,,,,,,
208016,2,62.0,67.0,5.0,84.0,86.0,2.0,6.2,6.2,0.0,7.5,7.5,0.0,,,,,,,,,,,,
208017,2,24.0,50.0,26.0,20.0,60.0,40.0,5.3,5.8,0.5,5.4,6.1,0.7,,,,3.7,4.5,0.8,3.0,4.0,1.0,,,
208018,2,90.0,91.0,1.0,89.0,90.0,1.0,6.2,6.2,0.0,6.1,6.6,0.5,,,,,,,,,,,,
208020,2,76.0,79.0,3.0,94.0,95.0,1.0,5.9,6.1,0.2,6.6,6.9,0.3,,,,,,,,,,,,
208021,2,93.0,93.0,0.0,93.0,94.0,1.0,,,,,,,1.0,0.99,0.0,,,,,,,,,
208022,2,59.0,64.0,5.0,96.0,96.0,0.0,5.8,6.0,0.2,5.7,6.4,0.7,,,,,,,,,,,,
208023,2,,,,,,,,,,,,,,,,4.4,5.0,0.6,4.7,5.4,0.7,,,
208501,2,47.0,54.0,7.0,61.0,65.0,4.0,4.7,5.3,0.6,5.7,6.4,0.7,,,,,,,,,,,,
208502,2,82.0,84.0,2.0,91.0,92.0,1.0,5.3,5.8,0.5,6.4,6.8,0.4,,,,,,,,,,,,
209001,2,93.0,93.0,0.0,93.0,94.0,1.0,6.4,6.2,0.0,7.3,7.4,0.1,,,,,,,,,,,,
209004,2,90.0,91.0,1.0,100.0,100.0,0.0,6.5,6.2,0.0,6.4,6.9,0.5,,,,,,,,,,,,
209005,2,95.0,95.0,0.0,81.0,83.0,2.0,5.7,6.0,0.3,7.1,7.3,0.2,,,,,,,,,,,,
209006,2,83.0,85.0,2.0,96.0,96.0,0.0,6.8,6.5,0.0,8.5,8.2,0.0,,,,,,,,,,,,
209007,2,,,,,,,,,,,,,,,,4.0,4.7,0.7,4.7,5.3,0.6,,,
209008,2,,,,,,,,,,,,,,,,5.5,5.6,0.1,5.8,5.9,0.1,,,
209009,2,84.0,86.0,2.0,78.0,81.0,3.0,6.0,6.1,0.1,5.8,6.4,0.6,,,,3.9,4.7,0.8,4.3,5.2,0.9,,,
209010,2,65.0,70.0,5.0,76.0,79.0,3.0,5.0,5.6,0.6,5.2,6.0,0.8,,,,4.4,4.9,0.5,5.2,5.5,0.3,,,
209011,2,65.0,70.0,5.0,86.0,88.0,2.0,5.1,5.7,0.6,6.1,6.6,0.5,,,,,,,,,,,,
209012,2,69.0,73.0,4.0,96.0,96.0,0.0,5.5,5.9,0.4,5.4,6.1,0.7,,,,,,,,,,,,
209013,2,,,,,,,,,,,,,,,,5.0,5.2,0.2,5.5,5.7,0.2,,,
209014,2,51.0,58.0,7.0,56.0,60.0,4.0,4.5,5.1,0.6,5.2,6.0,0.8,,,,3.8,4.6,0.8,4.2,5.0,0.8,,,
209016,2,85.0,87.0,2.0,81.0,83.0,2.0,6.0,6.1,0.1,6.8,7.1,0.3,,,,4.5,5.1,0.6,4.6,5.4,0.8,,,
209017,2,87.0,88.0,1.0,71.0,74.0,3.0,6.3,6.2,0.0,7.3,7.4,0.1,,,,,,,,,,,,
209018,2,71.0,75.0,4.0,78.0,81.0,3.0,5.4,5.9,0.5,5.8,6.4,0.6,,,,,,,,,,,,
209019,2,79.0,82.0,3.0,85.0,87.0,2.0,5.0,5.6,0.6,6.3,6.7,0.4,,,,,,,,,,,,
209020,2,,,,,,,,,,,,,,,,5.3,5.4,0.1,5.1,5.5,0.4,,,
209021,2,74.0,77.0,3.0,79.0,82.0,3.0,4.3,4.9,0.6,5.0,6.0,1.0,,,,3.9,4.7,0.8,4.8,5.4,0.6,,,
209023,2,63.0,68.0,5.0,77.0,80.0,3.0,5.0,5.6,0.6,6.1,6.6,0.5,,,,4.8,5.1,0.3,5.1,5.5,0.4,,,
209024,2,85.0,87.0,2.0,96.0,96.0,0.0,5.4,5.9,0.5,6.6,7.0,0.4,,,,,,,,,,,,
209025,2,64.0,69.0,5.0,61.0,65.0,4.0,4.5,5.1,0.6,5.1,6.0,0.9,,,,4.0,4.8,0.8,4.4,5.2,0.8,,,
209026,2,,,,,,,,,,,,,,,,4.2,4.8,0.6,4.8,5.3,0.5,,,
209501,2,72.0,76.0,4.0,61.0,65.0,4.0,5.7,6.0,0.3,7.0,7.2,0.2,,,,,,,,,,,,
227001,2,80.0,82.0,2.0,83.0,85.0,2.0,5.6,6.0,0.4,6.0,6.6,0.6,,,,,,,,,,,,
227002,2,66.0,70.0,4.0,72.0,75.0,3.0,5.3,5.9,0.6,5.1,6.0,0.9,,,,,,,,,,,,
227005,2,,,,,,,,,,,,,,,,4.9,5.2,0.3,5.4,5.7,0.3,,,
227006,2,72.0,76.0,4.0,75.0,78.0,3.0,5.7,6.0,0.3,6.7,7.1,0.4,,,,,,,,,,,,
227501,2,77.0,80.0,3.0,87.0,89.0,2.0,5.5,5.9,0.4,5.9,6.4,0.5,,,,,,,,,,,,
312001,3,43.0,51.0,8.0,44.0,60.0,16.0,5.6,6.0,0.4,5.6,6.3,0.7,,,,,,,,,,,,
312002,3,,,,,,,,,,,,,,,,5.0,5.2,0.2,5.5,5.8,0.3,,,
312003,3,76.0,79.0,3.0,76.0,79.0,3.0,5.4,5.9,0.5,,,,,,,,,,,,,,,
312004,3,,,,,,,,,,,,,,,,4.6,5.0,0.4,5.0,5.5,0.5,,,
312005,3,88.0,89.0,1.0,89.0,90.0,1.0,5.7,6.0,0.3,6.8,7.1,0.3,,,,,,,,,,,,
312006,3,,,,,,,,,,,,,,,,4.0,4.7,0.7,4.7,5.4,0.7,,,
312008,3,90.0,91.0,1.0,93.0,94.0,1.0,6.1,6.2,0.1,7.3,7.4,0.1,,,,,,,,,,,,
312009,3,,,,,,,,,,,,,,,,3.7,4.5,0.8,3.9,4.7,0.8,,,
312010,3,54.0,60.0,6.0,65.0,69.0,4.0,,,,,,,1.0,0.99,0.0,,,,,,,,,
312011,3,59.0,64.0,5.0,58.0,62.0,4.0,3.8,4.4,0.6,4.8,5.8,1.0,,,,3.9,4.7,0.8,3.8,4.8,1.0,,,
312012,3,,,,,,,,,,,,,,,,4.4,5.0,0.6,4.7,5.3,0.6,,,
312013,3,98.0,98.0,0.0,98.0,98.0,0.0,,,,,,,1.0,0.99,0.0,,,,,,,,,
312014,3,,,,,,,,,,,,,,,,4.1,4.7,0.6,4.9,5.4,0.5,,,
312015,3,52.0,58.0,6.0,59.0,63.0,4.0,4.7,5.3,0.6,6.7,7.0,0.3,,,,,,,,,,,,
312016,3,,,,,,,,,,,,,,,,5.0,5.2,0.2,5.8,5.9,0.1,,,
312017,3,66.0,70.0,4.0,57.0,61.0,4.0,5.6,6.0,0.4,6.1,6.6,0.5,,,,,,,,,,0.99,0.99,0.0
312018,3,74.0,77.0,3.0,78.0,81.0,3.0,5.6,6.0,0.4,6.3,6.7,0.4,,,,,,,,,,,,
312019,3,41.0,50.0,9.0,46.0,60.0,14.0,6.0,6.1,0.1,5.4,6.1,0.7,,,,,,,,,,,,
312020,3,,,,,,,,,,,,,,,,4.4,4.9,0.5,4.8,5.3,0.5,,,
312021,3,69.0,73.0,4.0,77.0,80.0,3.0,5.2,5.8,0.6,6.5,6.9,0.4,,,,,,,,,,0.99,0.99,0.0
312022,3,44.0,51.0,7.0,46.0,60.0,14.0,5.3,5.9,0.6,5.8,6.4,0.6,,,,,,,,,,0.99,0.99,0.0
312023,3,60.0,65.0,5.0,76.0,79.0,3.0,5.1,5.7,0.6,5.7,6.4,0.7,,,,3.7,4.5,0.8,4.4,5.3,0.9,,,
312024,3,58.0,64.0,6.0,50.0,60.0,10.0,5.2,5.8,0.6,6.2,6.8,0.6,,,,,,,,,,,,
312025,3,90.0,91.0,1.0,96.0,96.0,0.0,5.5,5.9,0.4,7.4,7.5,0.1,,,,,,,,,,,,
312027,3,83.0,85.0,2.0,97.0,97.0,0.0,5.3,5.8,0.5,6.4,6.8,0.4,,,,,,,,,,,,
312029,3,53.0,59.0,6.0,70.0,73.0,3.0,5.8,6.1,0.3,6.2,6.7,0.5,,,,,,,,,,,,
312030,3,,,,,,,,,,,,,,,,4.7,5.0,0.3,4.7,5.2,0.5,,,
312031,3,,,,,,,,,,,,,,,,4.7,5.0,0.3,5.3,5.6,0.3,,,
312032,3,71.0,75.0,4.0,79.0,82.0,3.0,5.1,5.7,0.6,5.9,6.5,0.6,,,,,,,,,,,,
312033,3,65.0,70.0,5.0,46.0,60.0,14.0,5.6,5.9,0.3,6.6,6.9,0.3,,,,,,,,,,0.99,0.99,0.0
312034,3,69.0,73.0,4.0,82.0,84.0,2.0,5.3,5.8,0.5,5.9,6.5,0.6,,,,,,,,,,,,
312035,3,99.0,99.0,0.0,98.0,98.0,0.0,5.7,6.0,0.3,7.7,7.5,0.0,,,,,,,,,,,,
312037,3,49.0,56.0,7.0,90.0,91.0,1.0,5.0,5.6,0.6,5.3,6.1,0.8,,,,,,,,,,0.99,0.99,0.0
312041,3,68.0,72.0,4.0,70.0,73.0,3.0,5.7,6.0,0.3,6.4,6.8,0.4,,,,,,,,,,,,
312043,3,,,,,,,,,,,,,,,,4.9,5.2,0.3,5.3,5.7,0.4,,,
312044,3,87.0,88.0,1.0,89.0,90.0,1.0,5.0,5.6,0.6,6.4,6.8,0.4,,,,,,,,,,,,
312501,3,66.0,70.0,4.0,90.0,91.0,1.0,5.3,5.8,0.5,5.5,6.2,0.7,,,,,,,,,,0.99,0.99,0.0
312503,3,55.0,61.0,6.0,69.0,72.0,3.0,5.3,5.8,0.5,5.9,6.5,0.6,,,,,,,,,,0.99,0.99,0.0
313001,3,83.0,85.0,2.0,78.0,81.0,3.0,5.8,6.1,0.3,6.4,6.8,0.4,,,,,,,,,,,,
313002,3,,,,,,,,,,,,,,,,4.4,4.9,0.5,5.0,5.5,0.5,,,
313003,3,69.0,73.0,4.0,60.0,64.0,4.0,5.3,5.8,0.5,5.9,6.5,0.6,,,,,,,,,,,,
313005,3,86.0,88.0,2.0,91.0,92.0,1.0,5.3,5.8,0.5,5.4,6.2,0.8,,,,,,,,,,,,
313006,3,,,,,,,,,,,,,,,,4.3,4.8,0.5,4.7,5.3,0.6,,,
313007,3,46.0,53.0,7.0,53.0,60.0,7.0,5.7,6.0,0.3,5.6,6.3,0.7,,,,,,,,,,,,
313008,3,63.0,68.0,5.0,75.0,78.0,3.0,5.7,6.0,0.3,5.9,6.5,0.6,,,,,,,,,,,,
313011,3,36.0,50.0,14.0,59.0,63.0,4.0,5.7,6.0,0.3,5.2,6.0,0.8,,,,,,,,,,0.99,0.99,0.0
313012,3,50.0,57.0,7.0,46.0,60.0,14.0,6.0,6.1,0.1,6.1,6.6,0.5,,,,,,,,,,,,
313013,3,75.0,78.0,3.0,86.0,88.0,2.0,5.6,6.0,0.4,5.4,6.2,0.8,,,,3.9,4.6,0.7,4.0,4.8,0.8,,,
313014,3,73.0,76.0,3.0,77.0,80.0,3.0,5.6,6.0,0.4,6.7,7.1,0.4,,,,,,,,,,0.99,0.99,0.0
313015,3,,,,,,,,,,,,,,,,4.9,5.2,0.3,6.2,6.3,0.1,,,
313016,3,,,,,,,,,,,,,,,,3.9,4.6,0.7,5.0,5.5,0.5,,,
313018,3,68.0,72.0,4.0,55.0,60.0,5.0,6.1,6.2,0.1,6.2,6.7,0.5,,,,,,,,,,,,
313019,3,72.0,76.0,4.0,67.0,70.0,3.0,,,,,,,1.0,0.99,0.0,,,,,,,,,
313020,3,,,,,,,,,,,,,,,,4.4,4.9,0.5,5.1,5.5,0.4,,,
313021,3,,,,,,,,,,,,,,,,3.7,4.5,0.8,4.1,5.1,1.0,,,
313022,3,75.0,78.0,3.0,72.0,75.0,3.0,5.3,5.8,0.5,6.5,6.9,0.4,,,,,,,,,,0.99,0.99,0.0
313023,3,82.0,84.0,2.0,75.0,78.0,3.0,,,,,,,1.0,0.99,0.0,,,,,,,,,
313024,3,,,,,,,,,,,,,,,,4.6,5.0,0.4,5.4,5.7,0.3,,,
313025,3,79.0,82.0,3.0,87.0,89.0,2.0,,,,,,,0.99,0.99,0.0,,,,,,,,,
313026,3,71.0,75.0,4.0,81.0,83.0,2.0,,,,,,,1.0,0.99,0.0,,,,,,,,,
313027,3,98.0,98.0,0.0,94.0,95.0,1.0,5.6,6.0,0.4,7.3,7.4,0.1,,,,,,,,,,,,
313029,3,,,,,,,5.6,5.9,0.3,6.1,6.6,0.5,,,,4.9,5.1,0.2,4.7,5.3,0.6,,,
313030,3,,,,,,,,,,,,,,,,5.3,5.4,0.1,5.8,5.9,0.1,,,
313031,3,61.0,66.0,5.0,84.0,86.0,2.0,5.3,5.8,0.5,6.8,7.1,0.3,,,,,,,,,,,,
313032,3,,,,,,,,,,,,,,,,4.7,5.1,0.4,5.5,5.8,0.3,,,
313033,3,87.0,88.0,1.0,88.0,90.0,2.0,5.7,6.0,0.3,7.0,7.2,0.2,,,,,,,,,,,,
313034,3,,,,,,,5.5,5.9,0.4,6.5,6.9,0.4,,,,,,,,,,0.99,0.99,0.0
313035,3,55.0,61.0,6.0,38.0,60.0,22.0,4.6,5.2,0.6,5.9,6.5,0.6,,,,,,,,,,,,
313036,3,,,,,,,,,,,,,,,,4.5,5.0,0.5,5.3,5.7,0.4,,,
313037,3,68.0,72.0,4.0,68.0,71.0,3.0,4.3,4.9,0.6,5.6,6.6,1.0,,,,,,,,,,,,
313038,3,88.0,89.0,1.0,74.0,77.0,3.0,5.4,5.9,0.5,6.8,7.1,0.3,,,,,,,,,,,,
313040,3,,,,,,,,,,,,,,,,4.1,4.7,0.6,5.2,5.6,0.4,,,
313041,3,66.0,70.0,4.0,60.0,64.0,4.0,5.7,6.0,0.3,6.9,7.1,0.2,,,,,,,,,,,,
313042,3,,,,,,,,,,,,,,,,5.2,5.3,0.1,6.0,6.1,0.1,,,
313043,3,89.0,90.0,1.0,89.0,90.0,1.0,5.5,5.9,0.4,7.4,7.5,0.1,,,,,,,,,,,,
313044,3,70.0,74.0,4.0,78.0,81.0,3.0,5.3,5.8,0.5,6.1,6.6,0.5,,,,,,,,,,,,
313046,3,,,,,,,,,,,,,,,,4.8,5.1,0.3,5.3,5.7,0.4,,,
313048,3,69.0,73.0,4.0,59.0,63.0,4.0,5.4,5.9,0.5,6.9,7.2,0.3,,,,,,,,,,,,
313049,3,69.0,73.0,4.0,72.0,75.0,3.0,5.6,5.9,0.3,6.3,6.7,0.4,,,,,,,,,,,,
313051,3,64.0,69.0,5.0,53.0,60.0,7.0,5.6,6.0,0.4,6.7,7.0,0.3,,,,,,,,,,,,
313052,3,,,,,,,,,,,,,,,,4.4,4.9,0.5,5.0,5.5,0.5,,,
313053,3,98.0,98.0,0.0,100.0,100.0,0.0,4.9,5.5,0.6,5.7,6.4,0.7,,,,,,,,,,,,
313054,3,,,,,,,,,,,,,,,,5.0,5.2,0.2,5.4,5.7,0.3,,,
313056,3,37.0,50.0,13.0,38.0,60.0,22.0,5.1,5.7,0.6,5.1,5.9,0.8,,,,,,,,,,,,
313501,3,87.0,88.0,1.0,91.0,92.0,1.0,5.6,6.0,0.4,7.3,7.4,0.1,,,,,,,,,,,,
313502,3,36.0,50.0,14.0,38.0,60.0,22.0,5.6,6.0,0.4,5.4,6.2,0.8,,,,,,,,,,,,
313503,3,60.0,65.0,5.0,67.0,70.0,3.0,5.2,5.8,0.6,5.5,6.2,0.7,,,,,,,,,,,,
328501,3,66.0,70.0,4.0,73.0,76.0,3.0,5.5,5.9,0.4,5.1,6.0,0.9,,,,,,,,,,,,
329001,3,41.0,50.0,9.0,49.0,60.0,11.0,5.1,5.7,0.6,5.7,6.4,0.7,,,,,,,,,,0.99,0.99,0.0
410001,4,80.0,82.0,2.0,83.0,85.0,2.0,5.9,6.1,0.2,7.2,7.4,0.2,,,,,,,,,,,,
410002,4,49.0,56.0,7.0,81.0,83.0,2.0,5.0,5.6,0.6,5.3,6.1,0.8,,,,,,,,,,,,
410003,4,,,,,,,,,,6.7,7.0,0.3,,,,4.5,5.0,0.5,5.3,5.7,0.4,,,
410004,4,73.0,76.0,3.0,94.0,95.0,1.0,5.7,6.0,0.3,6.7,7.0,0.3,,,,,,,,,,,,
410005,4,,,,,,,,,,,,,,,,4.7,5.0,0.3,5.2,5.6,0.4,,,
410006,4,74.0,77.0,3.0,83.0,85.0,2.0,5.2,5.8,0.6,7.4,7.5,0.1,,,,,,,,,,,,
410007,4,72.0,76.0,4.0,74.0,77.0,3.0,6.1,6.2,0.1,6.2,6.7,0.5,,,,,,,,,,,,
410008,4,75.0,78.0,3.0,75.0,78.0,3.0,,,,,,,0.99,0.99,0.0,,,,,,,,,
410009,4,,,,,,,,,,,,,,,,4.4,4.9,0.5,5.0,5.5,0.5,,,
410010,4,,,,,,,4.9,5.5,0.6,6.4,6.8,0.4,,,,4.8,5.1,0.3,5.0,5.4,0.4,,,
410011,4,100.0,100.0,0.0,100.0,100.0,0.0,5.8,6.1,0.3,8.6,8.3,0.0,,,,,,,,,,,,
410013,4,77.0,80.0,3.0,78.0,81.0,3.0,5.2,5.8,0.6,6.4,6.8,0.4,,,,,,,,,,0.99,0.99,0.0
410015,4,79.0,82.0,3.0,89.0,90.0,1.0,6.0,6.1,0.1,6.9,7.2,0.3,,,,,,,,,,0.99,0.99,0.0
410016,4,,,,,,,,,,,,,,,,5.1,5.2,0.1,5.8,5.9,0.1,,,
410018,4,,,,,,,5.4,5.9,0.5,6.5,6.9,0.4,,,,5.0,5.2,0.2,5.4,5.7,0.3,,,
410020,4,34.0,50.0,16.0,75.0,78.0,3.0,4.9,5.5,0.6,5.0,5.8,0.8,,,,,,,,,,0.99,0.99,0.0
410021,4,78.0,81.0,3.0,73.0,76.0,3.0,6.1,6.2,0.1,6.6,6.9,0.3,,,,4.9,5.2,0.3,5.5,5.7,0.2,,,
410022,4,,,,,,,,,,,,,,,,4.2,4.8,0.6,4.9,5.4,0.5,,,
410023,4,67.0,71.0,4.0,70.0,73.0,3.0,5.2,5.8,0.6,6.3,6.7,0.4,,,,,,,,,,,,
410025,4,,,,,,,,,,,,,,,,5.2,5.3,0.1,5.8,5.9,0.1,,,
410026,4,47.0,54.0,7.0,43.0,60.0,17.0,4.8,5.4,0.6,4.9,5.8,0.9,,,,,,,,,,,,
410202,4,88.0,89.0,1.0,98.0,98.0,0.0,6.4,6.2,0.0,7.7,7.5,0.0,,,,,,,,,,,,
410501,4,,,,,,,,,,,,,,,,4.0,4.6,0.6,4.5,5.1,0.6,,,
410502,4,68.0,72.0,4.0,100.0,100.0,0.0,5.8,6.1,0.3,5.9,6.5,0.6,,,,,,,,,,0.99,0.99,0.0
411001,4,40.0,50.0,10.0,61.0,65.0,4.0,5.5,5.9,0.4,5.8,6.3,0.5,,,,,,,,,,0.99,0.99,0.0
411002,4,,,,,,,,,,,,,,,,3.8,4.6,0.8,4.1,4.9,0.8,,,
411004,4,70.0,74.0,4.0,74.0,77.0,3.0,4.8,5.4,0.6,5.5,6.3,0.8,,,,4.3,4.9,0.6,4.8,5.4,0.6,,,
411005,4,83.0,85.0,2.0,50.0,60.0,10.0,5.9,6.1,0.2,6.5,6.9,0.4,,,,5.4,5.5,0.1,5.8,5.9,0.1,,,
411006,4,95.0,95.0,0.0,83.0,85.0,2.0,5.9,6.1,0.2,6.7,7.0,0.3,,,,,,,,,,0.99,0.99,0.0
411007,4,75.0,78.0,3.0,83.0,85.0,2.0,5.8,6.1,0.3,6.8,7.1,0.3,,,,,,,,,,,,
411008,4,,,,,,,,,,,,,,,,4.3,4.9,0.6,4.7,5.4,0.7,,,
411009,4,,,,,,,,,,,,,,,,4.6,5.1,0.5,5.0,5.5,0.5,,,
411010,4,,,,,,,,,,,,,,,,4.0,4.7,0.7,4.7,5.3,0.6,,,
411011,4,58.0,64.0,6.0,69.0,72.0,3.0,5.6,6.0,0.4,6.1,6.6,0.5,,,,,,,,,,,,
411012,4,79.0,82.0,3.0,100.0,100.0,0.0,5.6,6.0,0.4,6.9,7.1,0.2,,,,,,,,,,,,
411013,4,,,,,,,,,,,,,,,,4.7,5.1,0.4,5.1,5.5,0.4,,,
411014,4,82.0,84.0,2.0,93.0,94.0,1.0,6.1,6.2,0.1,7.7,7.5,0.0,,,,,,,,,,,,
411015,4,82.0,84.0,2.0,100.0,100.0,0.0,6.1,6.2,0.1,7.2,7.3,0.1,,,,,,,,,,,,
411017,4,82.0,84.0,2.0,98.0,98.0,0.0,4.9,5.5,0.6,6.2,6.7,0.5,,,,,,,,,,,,
411018,4,,,,,,,,,,,,,,,,4.6,5.0,0.4,4.9,5.4,0.5,,,
411020,4,,,,,,,,,,,,,,,,5.0,5.3,0.3,6.0,6.1,0.1,,,
411021,4,92.0,93.0,1.0,84.0,86.0,2.0,5.2,5.8,0.6,7.0,7.2,0.2,,,,,,,,,,,,
411022,4,100.0,100.0,0.0,100.0,100.0,0.0,5.4,5.9,0.5,6.7,7.0,0.3,,,,,,,,,,,,
411023,4,59.0,64.0,5.0,100.0,100.0,0.0,5.8,6.0,0.2,5.9,6.5,0.6,,,,,,,,,,,,
411028,4,,,,,,,,,,,,,,,,4.0,4.7,0.7,4.1,4.9,0.8,,,
411036,4,69.0,73.0,4.0,39.0,60.0,21.0,4.9,5.5,0.6,5.7,6.3,0.6,,,,,,,,,,,,
411049,4,64.0,69.0,5.0,91.0,92.0,1.0,5.0,5.6,0.6,5.8,6.4,0.6,,,,,,,,,,,,
411202,4,78.0,81.0,3.0,97.0,97.0,0.0,5.7,6.0,0.3,7.8,7.5,0.0,,,,,,,,,,0.99,0.99,0.0
411502,4,67.0,71.0,4.0,70.0,73.0,3.0,5.1,5.7,0.6,5.5,6.2,0.7,,,,,,,,,,0.99,0.99,0.0
430001,4,,,,,,,,,,,,,,,,4.0,4.7,0.7,4.0,4.8,0.8,,,
430002,4,52.0,58.0,6.0,62.0,66.0,4.0,5.2,5.8,0.6,6.0,6.6,0.6,,,,,,,,,,,,
430003,4,,,,,,,,,,,,,,,,4.9,5.2,0.3,5.1,5.6,0.5,,,
430004,4,94.0,94.0,0.0,92.0,93.0,1.0,6.6,6.3,0.0,7.6,7.5,0.0,,,,,,,,,,,,
430005,4,63.0,68.0,5.0,72.0,75.0,3.0,5.4,5.9,0.5,5.9,6.5,0.6,,,,,,,,,,0.99,0.99,0.0
430007,4,69.0,73.0,4.0,57.0,61.0,4.0,6.0,6.1,0.1,5.5,6.2,0.7,,,,,,,,,,0.99,0.99,0.0
430009,4,62.0,67.0,5.0,79.0,82.0,3.0,5.4,5.9,0.5,6.1,6.6,0.5,,,,,,,,,,,,
430010,4,62.0,67.0,5.0,57.0,61.0,4.0,5.1,5.7,0.6,5.6,6.3,0.7,,,,,,,,,,0.99,0.99,0.0
430011,4,83.0,85.0,2.0,83.0,85.0,2.0,5.3,5.8,0.5,,,,,,,,,,,,,,,
430012,4,43.0,51.0,8.0,60.0,64.0,4.0,5.3,5.8,0.5,5.0,5.9,0.9,,,,,,,,,,,,
430013,4,71.0,75.0,4.0,58.0,62.0,4.0,5.8,6.1,0.3,5.7,6.3,0.6,,,,,,,,,,0.99,0.99,0.0
430014,4,48.0,55.0,7.0,63.0,67.0,4.0,5.2,5.8,0.6,5.7,6.4,0.7,,,,,,,,,,0.99,0.99,0.0
430015,4,69.0,73.0,4.0,68.0,71.0,3.0,5.2,5.8,0.6,5.8,6.4,0.6,,,,,,,,,,0.99,0.99,0.0
430016,4,,,,,,,,,,,,,,,,3.7,4.5,0.8,4.2,5.0,0.8,,,
430018,4,74.0,77.0,3.0,66.0,70.0,4.0,5.3,5.9,0.6,7.3,7.4,0.1,,,,,,,,,,,,
430019,4,,,,,,,,,,,,,,,,4.5,4.9,0.4,5.2,5.6,0.4,,,
430020,4,46.0,53.0,7.0,56.0,60.0,4.0,5.5,5.9,0.4,5.0,5.9,0.9,,,,,,,,,,,,
430201,4,36.0,50.0,14.0,61.0,65.0,4.0,5.4,5.9,0.5,5.2,6.0,0.8,,,,,,,,,,,,
430204,4,,,,,,,,,,,,,,,,4.1,4.7,0.6,4.6,5.2,0.6,,,
430206,4,65.0,70.0,5.0,72.0,76.0,4.0,5.5,5.9,0.4,5.2,6.0,0.8,,,,,,,5.0,5.5,0.5,,,
430501,4,78.0,81.0,3.0,70.0,73.0,3.0,5.5,5.9,0.4,4.8,5.8,1.0,,,,,,,,,,0.99,0.99,0.0
430502,4,52.0,58.0,6.0,49.0,60.0,11.0,4.9,5.5,0.6,5.2,6.0,0.8,,,,,,,,,,,,
430503,4,71.0,75.0,4.0,64.0,68.0,4.0,5.1,5.7,0.6,5.5,6.3,0.8,,,,,,,,,,0.99,0.99,0.0
431001,4,,,,,,,,,,,,,,,,4.6,5.0,0.4,6.5,6.6,0.1,,,
431002,4,73.0,76.0,3.0,61.0,65.0,4.0,5.8,6.1,0.3,6.3,6.8,0.5,,,,,,,,,,,,
431003,4,54.0,60.0,6.0,53.0,60.0,7.0,5.2,5.8,0.6,5.4,6.2,0.8,,,,,,,,,,0.99,0.99,0.0
431004,4,82.0,84.0,2.0,78.0,81.0,3.0,5.2,5.8,0.6,6.6,6.9,0.3,,,,,,,,,,,,
431006,4,55.0,61.0,6.0,64.0,68.0,4.0,5.6,5.9,0.3,5.5,6.2,0.7,,,,,,,,,,0.99,0.99,0.0
431007,4,,,,,,,,,,,,,,,,5.4,5.5,0.1,6.1,6.2,0.1,,,
431008,4,,,,,,,,,,,,,,,,5.0,5.2,0.2,5.7,5.9,0.2,,,
431009,4,,,,,,,4.9,5.5,0.6,4.5,5.5,1.0,,,,4.2,4.7,0.5,4.4,5.1,0.7,,,
431010,4,82.0,84.0,2.0,91.0,92.0,1.0,5.3,5.9,0.6,7.6,7.5,0.0,,,,,,,,,,0.99,0.99,0.0
431011,4,68.0,72.0,4.0,77.0,80.0,3.0,4.9,5.5,0.6,5.7,6.4,0.7,,,,,,,,,,0.99,0.99,0.0
431013,4,68.0,72.0,4.0,38.0,60.0,22.0,4.9,5.5,0.6,5.9,6.5,0.6,,,,,,,,,,,,
431014,4,,,,,,,,,,,,,,,,4.3,4.9,0.6,4.6,5.2,0.6,,,
431015,4,79.0,82.0,3.0,80.0,82.0,2.0,,,,,,,0.99,0.99,0.0,,,,,,,,,
431016,4,37.0,50.0,13.0,26.0,60.0,34.0,4.7,5.3,0.6,6.1,6.6,0.5,,,,,,,,,,,,
431017,4,,,,,,,,,,5.7,6.3,0.6,,,,4.1,4.8,0.7,4.4,5.1,0.7,,,
431018,4,,,,,,,,,,,,,,,,4.0,4.7,0.7,4.6,5.2,0.6,,,
431019,4,43.0,51.0,8.0,46.0,60.0,14.0,4.9,5.5,0.6,5.8,6.4,0.6,,,,,,,,,,,,
431021,4,77.0,80.0,3.0,88.0,90.0,2.0,5.4,5.8,0.4,6.0,6.5,0.5,,,,,,,,,,,,
431022,4,63.0,68.0,5.0,72.0,75.0,3.0,4.7,5.3,0.6,5.4,6.2,0.8,,,,,,,,,,,,
431023,4,84.0,86.0,2.0,85.0,87.0,2.0,5.6,5.9,0.3,6.9,7.1,0.2,,,,,,,,,,,,
431024,4,34.0,50.0,16.0,79.0,82.0,3.0,5.2,5.8,0.6,5.6,6.3,0.7,,,,,,,,,,,,
431026,4,,,,,,,,,,,,,,,,4.1,4.7,0.6,4.9,5.4,0.5,,,
431027,4,,,,,,,,,,,,,,,,4.0,4.8,0.8,4.3,5.1,0.8,,,
431501,4,57.0,63.0,6.0,49.0,60.0,11.0,5.0,5.6,0.6,5.6,6.3,0.7,,,,,,,,,,,,
431502,4,62.0,67.0,5.0,64.0,68.0,4.0,4.4,5.0,0.6,5.0,5.9,0.9,,,,,,,,,,0.99,0.99,0.0
514001,5,90.0,91.0,1.0,100.0,100.0,0.0,5.3,5.9,0.6,5.9,6.5,0.6,,,,,,,,,,,,
514002,5,,,,,,,,,,,,,,,,4.5,4.9,0.4,4.8,5.3,0.5,,,
514003,5,,,,,,,,,,,,,,,,4.5,5.0,0.5,4.7,5.4,0.7,,,
514004,5,59.0,64.0,5.0,81.0,83.0,2.0,5.6,6.0,0.4,5.4,6.2,0.8,,,,,,,,,,,,
514005,5,61.0,66.0,5.0,53.0,60.0,7.0,5.2,5.8,0.6,5.6,6.3,0.7,,,,,,,,,,,,
514006,5,96.0,96.0,0.0,95.0,95.0,0.0,5.5,5.9,0.4,7.7,7.5,0.0,,,,,,,,,,,,
514007,5,64.0,69.0,5.0,71.0,74.0,3.0,6.0,6.1,0.1,7.1,7.3,0.2,,,,,,,,,,,,
514008,5,,,,,,,,,,,,,,,,5.1,5.3,0.2,5.7,5.9,0.2,,,
514009,5,63.0,68.0,5.0,78.0,81.0,3.0,4.7,5.3,0.6,6.6,6.9,0.3,,,,,,,,,,,,
514010,5,47.0,54.0,7.0,51.0,60.0,9.0,5.3,5.9,0.6,7.0,7.2,0.2,,,,,,,,,,,,
514011,5,93.0,93.0,0.0,89.0,90.0,1.0,5.6,6.0,0.4,7.3,7.4,0.1,,,,,,,,,,,,
514012,5,81.0,83.0,2.0,100.0,100.0,0.0,5.8,6.0,0.2,7.4,7.5,0.1,,,,,,,,,,,,
514013,5,87.0,88.0,1.0,99.0,99.0,0.0,6.1,6.2,0.1,7.4,7.5,0.1,,,,,,,,,,,,
514015,5,,,,,,,,,,,,,,,,4.2,4.8,0.6,4.8,5.4,0.6,,,
514016,5,50.0,57.0,7.0,81.0,83.0,2.0,5.2,5.8,0.6,6.0,6.6,0.6,,,,,,,,,,,,
514017,5,66.0,70.0,4.0,69.0,72.0,3.0,5.8,6.1,0.3,7.3,7.4,0.1,,,,,,,,,,,,
514018,5,,,,,,,,,,,,,,,,3.9,4.6,0.7,4.4,5.1,0.7,,,
514019,5,52.0,58.0,6.0,58.0,62.0,4.0,4.8,5.4,0.6,6.4,6.8,0.4,,,,3.6,4.4,0.8,4.4,5.2,0.8,,,
514020,5,,,,,,,,,,,,,,,,4.7,5.1,0.4,5.4,5.7,0.3,,,
514021,5,,,,,,,,,,,,,,,,5.3,5.4,0.1,5.6,5.8,0.2,,,
514022,5,,,,,,,,,,,,,,,,5.1,5.2,0.1,5.5,5.8,0.3,,,
514023,5,67.0,71.0,4.0,74.0,77.0,3.0,6.2,6.2,0.0,6.3,6.8,0.5,,,,4.6,5.0,0.4,5.0,5.5,0.5,,,
514024,5,69.0,73.0,4.0,95.0,95.0,0.0,5.9,6.1,0.2,6.5,6.9,0.4,,,,,,,,,,,,
514025,5,,,,,,,,,,,,,,,,3.8,4.6,0.8,4.3,5.1,0.8,,,
514026,5,49.0,56.0,7.0,60.0,64.0,4.0,5.8,6.1,0.3,6.2,6.7,0.5,,,,,,,,,,,,
514027,5,43.0,51.0,8.0,47.0,60.0,13.0,5.2,5.8,0.6,5.9,6.5,0.6,,,,,,,,,,,,
514028,5,91.0,92.0,1.0,92.0,93.0,1.0,6.2,6.2,0.0,6.7,7.0,0.3,,,,,,,,,,,,
514029,5,,,,,,,,,,,,,,,,4.9,5.1,0.2,5.4,5.7,0.3,,,
514030,5,53.0,59.0,6.0,55.0,60.0,5.0,5.8,6.1,0.3,6.2,6.7,0.5,,,,,,,,,,0.99,0.99,0.0
514031,5,55.0,61.0,6.0,64.0,68.0,4.0,5.4,5.9,0.5,6.3,6.7,0.4,,,,,,,,,,,,
514032,5,,,,,,,,,,,,,,,,3.4,4.2,0.8,4.2,4.9,0.7,,,
514033,5,69.0,73.0,4.0,62.0,66.0,4.0,5.8,6.0,0.2,6.5,6.9,0.4,,,,,,,,,,,,
514035,5,81.0,83.0,2.0,79.0,82.0,3.0,5.6,6.0,0.4,7.5,7.5,0.0,,,,,,,,,,,,
514501,5,71.0,75.0,4.0,91.0,92.0,1.0,5.4,5.9,0.5,5.4,6.2,0.8,,,,,,,,,,,,
515001,5,,,,,,,,,,,,,,,,4.9,5.2,0.3,5.3,5.6,0.3,,,
515002,5,,,,,,,,,,,,,,,,4.8,5.1,0.3,5.1,5.5,0.4,,,
515003,5,76.0,79.0,3.0,95.0,95.0,0.0,4.9,5.5,0.6,6.7,7.0,0.3,,,,,,,,,,,,
515004,5,,,,,,,,,,,,,,,,4.6,5.0,0.4,4.9,5.4,0.5,,,
515005,5,51.0,58.0,7.0,58.0,62.0,4.0,5.3,5.9,0.6,6.0,6.5,0.5,,,,,,,,,,,,
515007,5,67.0,71.0,4.0,53.0,60.0,7.0,5.5,5.9,0.4,6.1,6.6,0.5,,,,,,,,,,,,
515009,5,69.0,73.0,4.0,70.0,73.0,3.0,6.2,6.2,0.0,6.0,6.6,0.6,,,,,,,,,,,,
515010,5,100.0,100.0,0.0,69.0,72.0,3.0,5.5,5.9,0.4,5.7,6.4,0.7,,,,,,,,,,,,
515011,5,,,,,,,,,,,,,,,,4.6,5.0,0.4,5.4,5.7,0.3,,,
515012,5,86.0,88.0,2.0,95.0,95.0,0.0,5.4,5.9,0.5,6.2,6.7,0.5,,,,,,,,,,,,
515013,5,,,,,,,,,,,,,,,,4.7,5.1,0.4,5.1,5.5,0.4,,,
515014,5,96.0,96.0,0.0,100.0,100.0,0.0,5.3,5.9,0.6,6.9,7.2,0.3,,,,,,,,,,,,
515015,5,87.0,88.0,1.0,87.0,89.0,2.0,,,,,,,1.0,0.99,0.0,,,,,,,,,
515016,5,,,,,,,,,,,,,,,,4.3,4.9,0.6,4.8,5.4,0.6,,,
515017,5,78.0,81.0,3.0,96.0,96.0,0.0,5.5,5.9,0.4,6.4,6.9,0.5,,,,,,,,,,,,
515018,5,70.0,74.0,4.0,98.0,98.0,0.0,6.1,6.2,0.1,5.9,6.5,0.6,,,,,,,,,,,,
515019,5,83.0,85.0,2.0,97.0,97.0,0.0,6.2,6.2,0.0,6.7,7.0,0.3,,,,,,,,,,,,
515020,5,,,,,,,,,,,,,,,,4.0,4.8,0.8,4.1,5.0,0.9,,,
515021,5,51.0,58.0,7.0,63.0,67.0,4.0,5.5,5.9,0.4,5.9,6.5,0.6,,,,4.6,5.0,0.4,5.1,5.6,0.5,,,
515022,5,,,,,,,5.2,5.8,0.6,6.8,7.1,0.3,,,,4.3,4.8,0.5,4.9,5.4,0.5,,,
515023,5,79.0,82.0,3.0,83.0,85.0,2.0,5.3,5.8,0.5,5.8,6.3,0.5,,,,4.4,4.9,0.5,4.9,5.4,0.5,,,
515024,5,75.0,78.0,3.0,91.0,92.0,1.0,6.0,6.1,0.1,6.1,6.6,0.5,,,,,,,,,,,,
515025,5,,,,,,,,,,,,,,,,5.2,5.3,0.1,5.6,5.8,0.2,,,
515026,5,76.0,79.0,3.0,95.0,95.0,0.0,5.6,5.9,0.3,6.6,6.9,0.3,,,,,,,,,,,,
515027,5,66.0,70.0,4.0,82.0,84.0,2.0,5.6,6.0,0.4,6.6,7.0,0.4,,,,,,,,,,,,
515028,5,,,,,,,,,,,,,,,,4.5,4.9,0.4,4.8,5.3,0.5,,,
515029,5,,,,,,,,,,,,,,,,4.6,5.0,0.4,5.6,5.8,0.2,,,
515030,5,60.0,65.0,5.0,84.0,86.0,2.0,5.7,6.0,0.3,6.1,6.6,0.5,,,,4.4,4.9,0.5,4.8,5.3,0.5,,,
515033,5,87.0,88.0,1.0,100.0,100.0,0.0,5.8,6.1,0.3,7.3,7.4,0.1,,,,,,,,,,,,
515034,5,79.0,82.0,3.0,87.0,89.0,2.0,5.8,6.1,0.3,6.2,6.7,0.5,,,,,,,,,,,,
515035,5,52.0,58.0,6.0,54.0,60.0,6.0,5.4,5.9,0.5,6.3,6.7,0.4,,,,,,,,,,,,
515037,5,51.0,58.0,7.0,35.0,60.0,25.0,5.7,6.0,0.3,6.5,6.9,0.4,,,,,,,,,,0.99,0.99,0.0
515038,5,70.0,74.0,4.0,63.0,67.0,4.0,5.4,5.9,0.5,5.7,6.4,0.7,,,,,,,,,,,,
515039,5,61.0,66.0,5.0,48.0,60.0,12.0,5.8,6.0,0.2,5.5,6.2,0.7,,,,4.2,4.8,0.6,4.7,5.3,0.6,,,
515040,5,,,,,,,,,,,,,,,,4.4,4.9,0.5,4.7,5.3,0.6,,,
515041,5,77.0,80.0,3.0,72.0,75.0,3.0,6.1,6.2,0.1,6.4,6.8,0.4,,,,4.8,5.1,0.3,5.3,5.7,0.4,,,
515043,5,75.0,78.0,3.0,76.0,79.0,3.0,6.4,6.2,0.0,6.1,6.6,0.5,,,,,,,,,,,,
515044,5,71.0,75.0,4.0,48.0,60.0,12.0,5.5,5.9,0.4,6.0,6.5,0.5,,,,,,,,,,,,
515045,5,,,,,,,,,,,,,,,,4.9,5.2,0.3,5.5,5.8,0.3,,,
515047,5,56.0,62.0,6.0,68.0,71.0,3.0,5.6,6.0,0.4,6.7,7.1,0.4,,,,,,,,,,,,
515048,5,51.0,58.0,7.0,58.0,62.0,4.0,5.0,5.6,0.6,5.4,6.1,0.7,,,,4.5,4.9,0.4,5.1,5.5,0.4,,,
515049,5,72.0,76.0,4.0,85.0,87.0,2.0,6.0,6.2,0.2,6.3,6.8,0.5,,,,,,,,,,,,
515050,5,65.0,70.0,5.0,63.0,67.0,4.0,6.2,6.2,0.0,6.8,7.0,0.2,,,,,,,,,,0.99,0.99,0.0
515051,5,91.0,92.0,1.0,100.0,100.0,0.0,5.8,6.1,0.3,6.6,7.0,0.4,,,,,,,,,,,,
515052,5,,,,,,,,,,,,,,,,4.6,5.0,0.4,5.0,5.4,0.4,,,
515053,5,92.0,93.0,1.0,88.0,90.0,2.0,5.9,6.1,0.2,6.4,6.8,0.4,,,,,,,,,,,,
515054,5,78.0,81.0,3.0,75.0,78.0,3.0,5.4,5.8,0.4,5.9,6.5,0.6,,,,4.7,5.1,0.4,5.1,5.6,0.5,,,
515055,5,,,,,,,,,,,,,,,,4.1,4.8,0.7,4.8,5.3,0.5,,,
515056,5,82.0,84.0,2.0,91.0,92.0,1.0,6.2,6.2,0.0,7.2,7.3,0.1,,,,,,,,,,0.99,0.99,0.0
515057,5,,,,,,,,,,,,,,,,4.5,5.0,0.5,5.1,5.5,0.4,,,
515058,5,54.0,60.0,6.0,82.0,84.0,2.0,4.4,5.0,0.6,5.2,6.0,0.8,,,,,,,,,,,,
515059,5,85.0,87.0,2.0,100.0,100.0,0.0,5.2,5.8,0.6,5.8,6.4,0.6,,,,,,,,,,,,
515060,5,51.0,58.0,7.0,60.0,64.0,4.0,5.3,5.8,0.5,5.5,6.3,0.8,,,,4.0,4.7,0.7,4.7,5.3,0.6,,,
515061,5,67.0,71.0,4.0,54.0,60.0,6.0,5.4,5.9,0.5,5.5,6.3,0.8,,,,,,,,,,,,
515062,5,,,,,,,,,,,,,,,,4.2,4.8,0.6,4.8,5.3,0.5,,,
515063,5,96.0,96.0,0.0,96.0,96.0,0.0,5.4,5.9,0.5,5.6,6.3,0.7,,,,,,,,,,,,
515064,5,,,,,,,,,,,,,1.0,0.99,0.0,,,,,,,,,
515501,5,77.0,80.0,3.0,88.0,90.0,2.0,6.0,6.1,0.1,7.4,7.5,0.1,,,,,,,,,,,,
515502,5,68.0,72.0,4.0,73.0,76.0,3.0,5.9,6.1,0.2,6.2,6.7,0.5,,,,,,,,,,0.99,0.99,0.0
515503,5,65.0,70.0,5.0,90.0,91.0,1.0,5.9,6.0,0.1,5.7,6.3,0.6,,,,,,,,,,,,
622001,6,65.0,70.0,5.0,90.0,91.0,1.0,5.6,6.0,0.4,6.2,6.7,0.5,,,,,,,,,,,,
622002,6,76.0,79.0,3.0,75.0,78.0,3.0,5.4,5.9,0.5,6.2,6.7,0.5,,,,,,,,,,,,
622004,6,60.0,65.0,5.0,82.0,84.0,2.0,5.0,5.6,0.6,5.7,6.4,0.7,,,,,,,,,,0.99,0.99,0.0
622005,6,,,,,,,,,,,,,,,,4.2,4.8,0.6,4.7,5.3,0.6,,,
622006,6,,,,,,,,,,,,,,,,4.2,4.8,0.6,4.8,5.3,0.5,,,
622007,6,,,,,,,,,,,,,,,,4.9,5.2,0.3,5.7,5.8,0.1,,,
622008,6,70.0,74.0,4.0,61.0,65.0,4.0,5.7,6.0,0.3,6.0,6.5,0.5,,,,,,,,,,0.99,0.99,0.0
622009,6,,,,,,,,,,,,,,,,5.0,5.2,0.2,5.2,5.6,0.4,,,
622011,6,93.0,93.0,0.0,100.0,100.0,0.0,,,,,,,1.0,0.99,0.0,,,,,,,,,
622012,6,63.0,68.0,5.0,66.0,70.0,4.0,5.4,5.9,0.5,6.6,6.9,0.3,,,,,,,,,,,,
622014,6,,,,,,,,,,,,,,,,4.0,4.6,0.6,4.3,5.0,0.7,,,
622016,6,86.0,88.0,2.0,67.0,70.0,3.0,5.8,6.0,0.2,6.8,7.1,0.3,,,,,,,,,,,,
622017,6,61.0,66.0,5.0,73.0,76.0,3.0,5.6,5.9,0.3,5.6,6.3,0.7,,,,,,,,,,,,
622018,6,,,,,,,,,,,,,,,,4.9,5.1,0.2,4.6,5.2,0.6,,,
622019,6,,,,,,,,,,,,,,,,4.9,5.1,0.2,5.2,5.5,0.3,,,
622020,6,56.0,62.0,6.0,63.0,67.0,4.0,5.2,5.7,0.5,5.7,6.3,0.6,,,,,,,,,,,,
622021,6,65.0,70.0,5.0,72.0,75.0,3.0,5.8,6.1,0.3,7.0,7.2,0.2,,,,,,,,,,0.99,0.99,0.0
622022,6,,,,,,,,,,,,,,,,4.2,4.8,0.6,4.6,5.2,0.6,,,
622023,6,60.0,65.0,5.0,74.0,77.0,3.0,5.3,5.8,0.5,5.6,6.3,0.7,,,,,,,,,,,,
622024,6,,,,,,,5.0,5.6,0.6,4.9,5.8,0.9,,,,3.9,4.6,0.7,3.9,4.8,0.9,,,
622025,6,87.0,88.0,1.0,97.0,97.0,0.0,5.2,5.8,0.6,5.7,6.3,0.6,,,,,,,,,,,,
622026,6,64.0,69.0,5.0,85.0,87.0,2.0,5.8,6.1,0.3,6.4,6.8,0.4,,,,,,,,,,,,
622027,6,47.0,54.0,7.0,79.0,82.0,3.0,5.9,6.0,0.1,6.2,6.6,0.4,,,,,,,,,,,,
622201,6,57.0,63.0,6.0,76.0,79.0,3.0,6.0,6.1,0.1,6.2,6.7,0.5,,,,,,,,,,0.99,0.99,0.0
622203,6,90.0,91.0,1.0,98.0,98.0,0.0,6.3,6.2,0.0,6.3,6.8,0.5,,,,,,,,,,0.99,0.99,0.0
622204,6,73.0,76.0,3.0,58.0,62.0,4.0,5.8,6.1,0.3,6.9,7.2,0.3,,,,,,,,,,0.99,0.99,0.0
625001,6,54.0,60.0,6.0,96.0,96.0,0.0,6.3,6.2,0.0,6.2,6.7,0.5,,,,,,,,,,0.99,0.99,0.0
625003,6,,,,,,,,,,,,,,,,4.3,4.9,0.6,4.9,5.4,0.5,,,
625004,6,82.0,84.0,2.0,75.0,78.0,3.0,5.9,6.1,0.2,5.8,6.5,0.7,,,,,,,,,,0.99,0.99,0.0
625005,6,,,,,,,,,,,,,,,,4.4,4.9,0.5,4.5,5.1,0.6,,,
625006,6,38.0,50.0,12.0,28.0,60.0,32.0,5.0,5.6,0.6,5.4,6.2,0.8,,,,,,,,,,0.99,0.99,0.0
625008,6,62.0,67.0,5.0,37.0,60.0,23.0,5.1,5.7,0.6,6.1,6.6,0.5,,,,,,,,,,,,
625009,6,65.0,70.0,5.0,84.0,86.0,2.0,5.0,5.6,0.6,5.9,6.5,0.6,,,,,,,,,,,,
625011,6,50.0,57.0,7.0,73.0,76.0,3.0,5.0,5.6,0.6,5.3,6.1,0.8,,,,,,,,,,,,
625013,6,,,,,,,,,,,,,,,,4.2,4.8,0.6,4.7,5.2,0.5,,,
625014,6,,,,,,,,,,,,,,,,4.3,4.9,0.6,4.8,5.4,0.6,,,
625015,6,74.0,77.0,3.0,81.0,83.0,2.0,5.3,5.8,0.5,6.2,6.7,0.5,,,,,,,,,,,,
625016,6,69.0,73.0,4.0,64.0,68.0,4.0,5.4,5.9,0.5,5.9,6.5,0.6,,,,,,,,,,,,
625017,6,54.0,60.0,6.0,69.0,72.0,3.0,5.3,5.8,0.5,6.8,7.1,0.3,,,,,,,,,,,,
625018,6,,,,,,,,,,,,,,,,3.9,4.7,0.8,4.2,5.1,0.9,,,
625019,6,,,,,,,,,,,,,,,,3.8,4.6,0.8,4.2,4.9,0.7,,,
625020,6,66.0,70.0,4.0,73.0,76.0,3.0,5.6,6.0,0.4,6.1,6.6,0.5,,,,,,,,,,0.99,0.99,0.0
625022,6,61.0,66.0,5.0,64.0,68.0,4.0,5.5,5.9,0.4,6.1,6.6,0.5,,,,,,,,,,,,
625023,6,48.0,55.0,7.0,91.0,92.0,1.0,5.4,5.9,0.5,4.8,5.7,0.9,,,,,,,,,,,,
625024,6,66.0,70.0,4.0,79.0,82.0,3.0,,,,,,,1.0,0.99,0.0,,,,,,,,,
625025,6,75.0,78.0,3.0,77.0,80.0,3.0,5.5,5.9,0.4,6.3,6.8,0.5,,,,,,,,,,,,
625026,6,67.0,71.0,4.0,81.0,83.0,2.0,5.0,5.6,0.6,5.6,6.3,0.7,,,,,,,,,,,,
625027,6,,,,,,,5.0,5.6,0.6,5.5,6.2,0.7,,,,3.9,4.7,0.8,4.3,5.1,0.8,,,
625028,6,,,,,,,,,,,,,,,,4.7,5.1,0.4,5.2,5.5,0.3,,,
625029,6,68.0,72.0,4.0,100.0,100.0,0.0,5.5,5.9,0.4,5.5,6.2,0.7,,,,,,,,,,0.99,0.99,0.0
625030,6,,,,,,,,,,,,,,,,4.1,4.7,0.6,4.4,5.1,0.7,,,
625031,6,,,,,,,,,,,,,,,,3.8,4.6,0.8,4.2,5.1,0.9,,,
625032,6,73.0,76.0,3.0,75.0,78.0,3.0,5.6,6.0,0.4,6.2,6.7,0.5,,,,,,,,,,,,
625033,6,70.0,74.0,4.0,78.0,81.0,3.0,6.2,6.2,0.0,5.4,6.1,0.7,,,,,,,,,,0.99,0.99,0.0
625034,6,72.0,76.0,4.0,86.0,88.0,2.0,4.6,5.2,0.6,5.5,6.2,0.7,,,,,,,,,,,,
625035,6,51.0,58.0,7.0,89.0,90.0,1.0,4.8,5.4,0.6,5.5,6.3,0.8,,,,,,,,,,0.99,0.99,0.0
625041,6,,,,,,,,,,,,,,,,3.2,4.0,0.8,4.2,4.9,0.7,,,
625042,6,83.0,85.0,2.0,96.0,96.0,0.0,5.0,5.6,0.6,6.1,6.6,0.5,,,,,,,,,,,,
625204,6,70.0,74.0,4.0,96.0,96.0,0.0,4.5,5.1,0.6,5.3,6.1,0.8,,,,,,,,,,,,
625205,6,60.0,65.0,5.0,68.0,71.0,3.0,4.8,5.4,0.6,4.8,5.7,0.9,,,,,,,,,,0.99,0.99,0.0
625206,6,72.0,76.0,4.0,95.0,95.0,0.0,5.5,5.9,0.4,5.8,6.5,0.7,,,,,,,,,,,,
625501,6,54.0,60.0,6.0,82.0,84.0,2.0,5.6,6.0,0.4,5.0,5.9,0.9,,,,,,,,,,,,
625502,6,94.0,94.0,0.0,100.0,100.0,0.0,4.8,5.4,0.6,5.3,6.0,0.7,,,,,,,,,,,,
625503,6,84.0,86.0,2.0,91.0,92.0,1.0,5.3,5.8,0.5,6.7,7.0,0.3,,,,,,,,,,0.99,0.99,0.0
716001,7,58.0,64.0,6.0,36.0,60.0,24.0,6.3,6.2,0.0,7.2,7.3,0.1,,,,4.8,5.1,0.3,4.9,5.4,0.5,,,
716002,7,91.0,92.0,1.0,97.0,97.0,0.0,5.6,6.0,0.4,8.0,7.7,0.0,,,,,,,,,,,,
716003,7,,,,,,,,,,,,,,,,4.0,4.8,0.8,5.0,5.5,0.5,,,
716004,7,52.0,58.0,6.0,73.0,76.0,3.0,5.5,5.9,0.4,5.8,6.4,0.6,,,,,,,,,,0.99,0.99,0.0
716005,7,67.0,71.0,4.0,67.0,70.0,3.0,5.9,6.1,0.2,6.4,6.8,0.4,,,,,,,,,,0.99,0.99,0.0
716006,7,80.0,82.0,2.0,83.0,85.0,2.0,5.9,6.1,0.2,6.7,7.1,0.4,,,,,,,,,,,,
716007,7,,,,,,,,,,,,,,,,5.2,5.3,0.1,5.1,5.5,0.4,,,
716008,7,73.0,76.0,3.0,59.0,63.0,4.0,5.6,6.0,0.4,6.0,6.6,0.6,,,,,,,,,,,,
716009,7,75.0,78.0,3.0,69.0,72.0,3.0,5.7,6.0,0.3,6.4,6.9,0.5,,,,,,,,,,,,
716010,7,67.0,71.0,4.0,57.0,61.0,4.0,5.2,5.8,0.6,6.1,6.6,0.5,,,,,,,,,,0.99,0.99,0.0
716011,7,,,,,,,,,,,,,,,,4.4,5.0,0.6,5.0,5.5,0.5,,,
716012,7,,,,,,,,,,,,,,,,4.7,5.0,0.3,5.0,5.4,0.4,,,
716013,7,58.0,64.0,6.0,82.0,84.0,2.0,4.7,5.3,0.6,6.7,7.0,0.3,,,,,,,,,,,,
716014,7,42.0,50.0,8.0,47.0,60.0,13.0,5.0,5.6,0.6,5.8,6.5,0.7,,,,,,,,,,,,
716025,7,56.0,62.0,6.0,51.0,60.0,9.0,5.3,5.9,0.6,6.2,6.7,0.5,,,,,,,,,,,,
716026,7,,,,,,,,,,,,,,,,4.5,5.0,0.5,5.1,5.6,0.5,,,
716027,7,,,,,,,,,,,,,,,,4.4,5.0,0.6,4.7,5.5,0.8,,,
716028,7,70.0,74.0,4.0,66.0,70.0,4.0,,,,,,,0.98,0.99,0.01,,,,,,,,,
716029,7,74.0,77.0,3.0,53.0,60.0,7.0,5.3,5.8,0.5,6.5,7.0,0.5,,,,,,,,,,,,
716030,7,,,,,,,,,,,,,,,,4.3,4.8,0.5,4.8,5.3,0.5,,,
716031,7,,,,,,,,,,,,,,,,4.5,5.1,0.6,4.7,5.5,0.8,,,
716032,7,42.0,50.0,8.0,42.0,60.0,18.0,5.4,5.8,0.4,5.8,6.4,0.6,,,,4.1,4.8,0.7,4.6,5.2,0.6,,,
716033,7,,,,,,,,,,,,,,,,4.6,5.1,0.5,5.0,5.6,0.6,,,
716034,7,55.0,61.0,6.0,57.0,61.0,4.0,5.2,5.8,0.6,6.2,6.7,0.5,,,,,,,,,,0.99,0.99,0.0
716035,7,,,,,,,,,,,,,,,,4.3,4.8,0.5,5.0,5.5,0.5,,,
716036,7,87.0,88.0,1.0,99.0,99.0,0.0,5.0,5.6,0.6,7.1,7.3,0.2,,,,,,,,,,,,
716037,7,66.0,70.0,4.0,46.0,60.0,14.0,5.7,6.0,0.3,6.9,7.2,0.3,,,,,,,,,,,,
716038,7,50.0,57.0,7.0,62.0,66.0,4.0,5.0,5.6,0.6,6.6,7.0,0.4,,,,,,,,,,0.99,0.99,0.0
716039,7,72.0,76.0,4.0,67.0,70.0,3.0,5.5,5.9,0.4,5.9,6.5,0.6,,,,,,,,,,0.99,0.99,0.0
716040,7,,,,,,,,,,,,,,,,4.8,5.1,0.3,5.4,5.7,0.3,,,
716041,7,,,,,,,,,,,,,,,,3.4,4.2,0.8,3.7,4.7,1.0,,,
716042,7,85.0,87.0,2.0,79.0,82.0,3.0,5.6,6.0,0.4,6.8,7.1,0.3,,,,,,,,,,,,
716043,7,63.0,68.0,5.0,78.0,81.0,3.0,5.5,5.9,0.4,6.1,6.7,0.6,,,,,,,,,,0.99,0.99,0.0
716044,7,81.0,83.0,2.0,81.0,83.0,2.0,5.7,6.0,0.3,6.2,6.7,0.5,,,,,,,,,,0.99,0.99,0.0
716045,7,,,,,,,,,,,,,,,,4.7,5.1,0.4,4.9,5.5,0.6,,,
716046,7,,,,,,,,,,,,,,,,4.9,5.1,0.2,5.6,5.8,0.2,,,
716047,7,,,,,,,,,,,,,,,,4.7,5.0,0.3,5.9,6.0,0.1,,,
716048,7,,,,,,,,,,,,,,,,4.1,4.7,0.6,4.7,5.3,0.6,,,
716049,7,63.0,68.0,5.0,78.0,81.0,3.0,5.4,5.9,0.5,6.6,7.0,0.4,,,,,,,,,,0.99,0.99,0.0
716051,7,54.0,60.0,6.0,48.0,60.0,12.0,5.8,6.0,0.2,6.8,7.0,0.2,,,,,,,,,,,,
716052,7,54.0,60.0,6.0,43.0,60.0,17.0,5.8,6.1,0.3,7.0,7.2,0.2,,,,,,,,,,0.99,0.99,0.0
716053,7,74.0,77.0,3.0,81.0,83.0,2.0,5.7,6.0,0.3,7.0,7.2,0.2,,,,,,,,,,,,
716054,7,,,,,,,,,,,,,,,,4.7,5.0,0.3,5.6,5.8,0.2,,,
716055,7,51.0,58.0,7.0,43.0,60.0,17.0,5.6,6.0,0.4,6.1,6.6,0.5,,,,,,,,,,,,
716056,7,,,,,,,,,,,,,,,,4.5,5.0,0.5,5.2,5.6,0.4,,,
716057,7,47.0,54.0,7.0,55.0,60.0,5.0,5.7,6.0,0.3,6.3,6.8,0.5,,,,,,,,,,0.99,0.99,0.0
716059,7,51.0,58.0,7.0,62.0,66.0,4.0,5.7,6.0,0.3,6.0,6.6,0.6,,,,,,,,,,,,
716060,7,60.0,65.0,5.0,63.0,67.0,4.0,5.6,5.9,0.3,6.7,7.0,0.3,,,,,,,,,,,,
716061,7,68.0,72.0,4.0,81.0,83.0,2.0,6.1,6.2,0.1,6.0,6.6,0.6,,,,,,,,,,0.99,0.99,0.0
716062,7,72.0,76.0,4.0,61.0,65.0,4.0,5.1,5.7,0.6,5.9,6.5,0.6,,,,,,,,,,0.97,0.97,0.0
716063,7,,,,,,,,,,,,,,,,5.1,5.2,0.1,5.5,5.7,0.2,,,
716065,7,88.0,89.0,1.0,100.0,100.0,0.0,4.9,5.5,0.6,6.0,6.6,0.6,,,,,,,,,,0.99,0.99,0.0
716066,7,74.0,77.0,3.0,73.0,76.0,3.0,5.6,5.9,0.3,6.5,6.9,0.4,,,,,,,,,,0.97,0.97,0.0
716067,7,,,,,,,,,,,,,,,,4.8,5.1,0.3,5.1,5.5,0.4,,,
716068,7,82.0,84.0,2.0,93.0,94.0,1.0,5.2,5.7,0.5,6.0,6.6,0.6,,,,,,,,,,,,
716069,7,51.0,58.0,7.0,59.0,63.0,4.0,5.1,5.7,0.6,6.3,6.8,0.5,,,,,,,,,,,,
716071,7,70.0,74.0,4.0,81.0,83.0,2.0,6.6,6.3,0.0,6.7,7.0,0.3,,,,,,,,,,,,
716072,7,64.0,69.0,5.0,68.0,71.0,3.0,,,,,,,1.0,0.99,0.0,,,,,,,,,
716073,7,88.0,89.0,1.0,81.0,83.0,2.0,5.8,6.0,0.2,7.8,7.5,0.0,,,,4.8,5.1,0.3,6.1,6.2,0.1,,,
716075,7,57.0,63.0,6.0,80.0,82.0,2.0,5.3,5.9,0.6,6.2,6.8,0.6,,,,,,,,,,0.99,0.99,0.0
716076,7,74.0,77.0,3.0,76.0,79.0,3.0,5.2,5.8,0.6,6.2,6.8,0.6,,,,,,,,,,0.99,0.99,0.0
716077,7,71.0,75.0,4.0,87.0,89.0,2.0,,,,,,,0.99,0.99,0.0,,,,,,,,,
716078,7,78.0,81.0,3.0,93.0,94.0,1.0,,,,,,,1.0,0.99,0.0,,,,,,,,,
716079,7,71.0,75.0,4.0,65.0,69.0,4.0,5.3,5.8,0.5,6.4,6.9,0.5,,,,,,,,,,0.99,0.99,0.0
716080,7,,,,,,,,,,,,,,,,4.3,4.9,0.6,4.4,5.1,0.7,,,
716081,7,71.0,75.0,4.0,60.0,64.0,4.0,5.4,5.9,0.5,6.4,6.9,0.5,,,,,,,,,,,,
716082,7,53.0,59.0,6.0,51.0,60.0,9.0,5.7,6.0,0.3,5.7,6.4,0.7,,,,4.0,4.7,0.7,4.8,5.3,0.5,,,
716083,7,,,,,,,5.5,5.9,0.4,6.3,6.8,0.5,,,,5.0,5.2,0.2,4.7,5.3,0.6,,,
716084,7,49.0,56.0,7.0,64.0,68.0,4.0,5.8,6.0,0.2,5.8,6.4,0.6,,,,,,,,,,,,
716086,7,,,,,,,,,,,,,,,,5.2,5.3,0.1,5.3,5.7,0.4,,,
716203,7,55.0,61.0,6.0,64.0,68.0,4.0,5.2,5.8,0.6,5.4,6.2,0.8,,,,,,,,,,0.99,0.99,0.0
716204,7,45.0,52.0,7.0,48.0,60.0,12.0,4.9,5.5,0.6,5.6,6.5,0.9,,,,,,,,,,,,
716205,7,57.0,63.0,6.0,62.0,66.0,4.0,5.6,5.9,0.3,6.2,6.7,0.5,,,,,,,,,,0.99,0.99,0.0
716207,7,76.0,79.0,3.0,93.0,94.0,1.0,5.5,5.9,0.4,6.5,6.9,0.4,,,,,,,,,,,,
716210,7,45.0,52.0,7.0,50.0,60.0,10.0,6.1,6.2,0.1,5.8,6.4,0.6,,,,4.5,4.9,0.4,5.3,5.6,0.3,,,
716211,7,59.0,64.0,5.0,61.0,65.0,4.0,4.7,5.3,0.6,5.5,6.2,0.7,,,,4.8,5.2,0.4,4.7,5.4,0.7,,,
716501,7,47.0,54.0,7.0,66.0,70.0,4.0,5.0,5.6,0.6,5.4,6.4,1.0,,,,3.3,4.1,0.8,4.2,5.1,0.9,,,
716502,7,86.0,88.0,2.0,100.0,100.0,0.0,5.5,5.9,0.4,7.2,7.3,0.1,,,,,,,,,,0.99,0.99,0.0
716503,7,55.0,61.0,6.0,61.0,65.0,4.0,5.2,5.8,0.6,5.6,6.3,0.7,,,,,,,,,,0.99,0.99,0.0
724001,7,91.0,92.0,1.0,100.0,100.0,0.0,,,,,,,1.0,0.99,0.0,,,,,,,,,
724002,7,92.0,93.0,1.0,87.0,89.0,2.0,5.8,6.0,0.2,6.4,6.8,0.4,,,,,,,,,,0.99,0.99,0.0
724003,7,53.0,59.0,6.0,59.0,63.0,4.0,,,,,,,0.99,0.99,0.0,,,,,,,,,
724004,7,,,,,,,,,,,,,,,,4.9,5.2,0.3,6.5,6.6,0.1,,,
724005,7,66.0,70.0,4.0,71.0,74.0,3.0,5.2,5.8,0.6,6.4,6.8,0.4,,,,,,,,,,0.99,0.99,0.0
724006,7,,,,,,,,,,,,,,,,5.6,5.7,0.1,5.9,6.0,0.1,,,
724007,7,76.0,79.0,3.0,90.0,91.0,1.0,6.1,6.2,0.1,7.1,7.2,0.1,,,,,,,,,,,,
724008,7,,,,,,,,,,,,,,,,5.0,5.2,0.2,5.5,5.8,0.3,,,
724009,7,90.0,91.0,1.0,97.0,97.0,0.0,5.8,6.0,0.2,6.6,6.9,0.3,,,,,,,,,,0.99,0.99,0.0
724010,7,,,,,,,,,,,,,,,,4.8,5.1,0.3,5.4,5.7,0.3,,,
724011,7,71.0,75.0,4.0,96.0,96.0,0.0,5.3,5.8,0.5,5.4,6.2,0.8,,,,,,,,,,,,
724013,7,,,,,,,,,,,,,,,,4.9,5.2,0.3,5.0,5.6,0.6,,,
724014,7,84.0,86.0,2.0,83.0,85.0,2.0,6.2,6.2,0.0,7.2,7.3,0.1,,,,,,,,,,,,
724015,7,,,,,,,,,,,,,,,,4.7,5.0,0.3,5.3,5.6,0.3,,,
724016,7,55.0,61.0,6.0,66.0,70.0,4.0,5.6,6.0,0.4,,,,,,,,,,,,,,,
724017,7,58.0,64.0,6.0,54.0,60.0,6.0,,,,,,,1.0,0.99,0.0,,,,,,,,,
724018,7,83.0,85.0,2.0,80.0,82.0,2.0,5.3,5.8,0.5,6.5,6.9,0.4,,,,,,,,,,0.99,0.99,0.0
724019,7,,,,,,,5.2,5.8,0.6,6.3,6.8,0.5,,,,4.8,5.1,0.3,5.4,5.7,0.3,,,
724020,7,91.0,92.0,1.0,86.0,88.0,2.0,,,,,,,0.99,0.99,0.0,,,,,,,,,
724021,7,49.0,56.0,7.0,60.0,64.0,4.0,,,,,,,1.0,0.99,0.0,,,,,,,,,
724022,7,,,,,,,5.8,6.1,0.3,6.8,7.1,0.3,,,,5.5,5.6,0.1,5.5,5.8,0.3,,,
724023,7,90.0,91.0,1.0,93.0,94.0,1.0,6.3,6.2,0.0,7.0,7.2,0.2,,,,,,,,,,,,
724024,7,81.0,83.0,2.0,78.0,81.0,3.0,6.0,6.1,0.1,6.6,7.0,0.4,,,,,,,,,,0.99,0.99,0.0
724026,7,49.0,56.0,7.0,49.0,60.0,11.0,4.9,5.5,0.6,5.5,6.2,0.7,,,,,,,,,,,,
724027,7,65.0,70.0,5.0,68.0,71.0,3.0,5.8,6.0,0.2,6.5,6.9,0.4,,,,,,,,,,,,
724028,7,56.0,62.0,6.0,75.0,78.0,3.0,5.2,5.8,0.6,5.9,6.6,0.7,,,,4.6,5.1,0.5,5.2,5.7,0.5,,,
724030,7,89.0,90.0,1.0,89.0,90.0,1.0,5.4,5.9,0.5,6.7,7.0,0.3,,,,5.3,5.4,0.1,5.6,5.8,0.2,,,
724501,7,80.0,82.0,2.0,84.0,86.0,2.0,6.0,6.1,0.1,6.6,6.9,0.3,,,,,,,,,,0.99,0.99,0.0
724502,7,64.0,69.0,5.0,68.0,71.0,3.0,4.2,4.8,0.6,5.4,6.4,1.0,,,,,,,,,,0.97,0.97,0.0
734001,7,47.0,54.0,7.0,52.0,60.0,8.0,5.5,5.9,0.4,6.0,6.6,0.6,,,,,,,,,,,,
734002,7,68.0,72.0,4.0,96.0,96.0,0.0,5.1,5.7,0.6,6.4,6.9,0.5,,,,,,,,,,,,
734003,7,73.0,76.0,3.0,89.0,90.0,1.0,4.8,5.4,0.6,6.3,6.7,0.4,,,,,,,,,,0.99,0.99,0.0
734005,7,62.0,67.0,5.0,74.0,77.0,3.0,5.1,5.7,0.6,,,,,,,,,,,,,,,
734006,7,87.0,88.0,1.0,98.0,98.0,0.0,5.2,5.8,0.6,5.7,6.3,0.6,,,,,,,,,,,,
734007,7,,,,,,,,,,,,,,,,4.1,4.7,0.6,4.3,5.0,0.7,,,
734008,7,76.0,79.0,3.0,67.0,70.0,3.0,4.6,5.2,0.6,5.4,6.2,0.8,,,,,,,,,,,,
734009,7,,,,,,,,,,,,,,,,3.9,4.6,0.7,4.5,5.1,0.6,,,
734010,7,,,,,,,,,,,,,,,,4.1,4.7,0.6,4.8,5.3,0.5,,,
734501,7,65.0,70.0,5.0,85.0,87.0,2.0,4.9,5.5,0.6,6.6,7.0,0.4,,,,,,,,,,0.98,0.98,0.0
734502,7,61.0,66.0,5.0,65.0,69.0,4.0,4.6,5.2,0.6,5.3,6.2,0.9,,,,,,,,,,,,
817008,8,62.0,67.0,5.0,63.0,67.0,4.0,,,,,,,0.99,0.99,0.0,,,,,,,,,
817009,8,,,,,,,,,,,,,,,,4.2,4.8,0.6,4.9,5.4,0.5,,,
817010,8,53.0,59.0,6.0,58.0,62.0,4.0,5.2,5.7,0.5,6.5,6.8,0.3,,,,,,,,,,,,
817011,8,41.0,50.0,9.0,44.0,60.0,16.0,5.2,5.8,0.6,6.0,6.6,0.6,,,,,,,,,,,,
817012,8,71.0,75.0,4.0,77.0,80.0,3.0,5.9,6.1,0.2,6.8,7.1,0.3,,,,,,,,,,,,
817013,8,86.0,88.0,2.0,86.0,88.0,2.0,5.4,5.9,0.5,6.7,7.1,0.4,,,,,,,,,,,,
817014,8,,,,,,,,,,,,,,,,3.9,4.6,0.7,4.2,5.0,0.8,,,
817015,8,71.0,75.0,4.0,72.0,75.0,3.0,5.5,6.0,0.5,6.6,7.0,0.4,,,,,,,,,,,,
817016,8,,,,,,,,,,,,,,,,4.6,5.0,0.4,5.1,5.5,0.4,,,
817017,8,70.0,74.0,4.0,60.0,64.0,4.0,5.3,5.8,0.5,6.0,6.6,0.6,,,,,,,,,,,,
817018,8,,,,,,,,,,,,,,,,5.5,5.6,0.1,5.8,5.9,0.1,,,
817019,8,,,,,,,,,,,,,,,,4.1,4.8,0.7,4.3,5.1,0.8,,,
817020,8,,,,,,,,,,,,,,,,4.3,4.8,0.5,4.5,5.2,0.7,,,
817021,8,79.0,82.0,3.0,96.0,96.0,0.0,6.1,6.2,0.1,6.7,7.0,0.3,,,,,,,,,,,,
817022,8,,,,,,,,,,,,,,,,4.6,5.0,0.4,5.2,5.6,0.4,,,
817023,8,80.0,82.0,2.0,70.0,73.0,3.0,5.4,5.9,0.5,6.1,6.6,0.5,,,,,,,,,,,,
817024,8,70.0,74.0,4.0,82.0,84.0,2.0,5.7,6.0,0.3,6.8,7.1,0.3,,,,,,,,,,,,
817027,8,,,,,,,,,,,,,,,,4.6,5.0,0.4,5.1,5.5,0.4,,,
817028,8,,,,,,,,,,,,,,,,4.9,5.1,0.2,4.7,5.3,0.6,,,
817029,8,77.0,80.0,3.0,96.0,96.0,0.0,4.8,5.4,0.6,5.9,6.4,0.5,,,,,,,,,,,,
817030,8,83.0,85.0,2.0,73.0,76.0,3.0,5.7,6.0,0.3,6.2,6.7,0.5,,,,,,,,,,,,
817031,8,66.0,70.0,4.0,96.0,96.0,0.0,5.8,6.1,0.3,6.4,6.9,0.5,,,,,,,,,,,,
817032,8,63.0,68.0,5.0,64.0,68.0,4.0,5.3,5.8,0.5,5.9,6.5,0.6,,,,,,,,,,0.99,0.99,0.0
817033,8,,,,,,,,,,7.1,7.2,0.1,,,,,,,,,,,,
817034,8,62.0,67.0,5.0,100.0,100.0,0.0,4.9,5.5,0.6,4.8,5.8,1.0,,,,,,,,,,,,
817035,8,,,,,,,,,,,,,,,,4.1,4.8,0.7,4.2,5.0,0.8,,,
817036,8,70.0,74.0,4.0,79.0,82.0,3.0,5.6,6.0,0.4,5.9,6.5,0.6,,,,,,,,,,,,
817037,8,51.0,58.0,7.0,57.0,61.0,4.0,5.4,5.9,0.5,,,,,,,,,,,,,,,
817038,8,83.0,85.0,2.0,98.0,98.0,0.0,5.5,5.9,0.4,5.6,6.3,0.7,,,,,,,,,,,,
817039,8,58.0,64.0,6.0,83.0,85.0,2.0,5.4,5.9,0.5,5.7,6.4,0.7,,,,,,,,,,,,
817040,8,91.0,92.0,1.0,98.0,98.0,0.0,5.4,5.9,0.5,,,,,,,,,,,,,,,
817041,8,,,,,,,,,,,,,,,,4.4,4.9,0.5,4.7,5.3,0.6,,,
817042,8,,,,,,,,,,,,,,,,4.4,4.9,0.5,4.7,5.3,0.6,,,
817043,8,,,,,,,,,,,,,,,,4.1,4.8,0.7,4.5,5.2,0.7,,,
817044,8,71.0,75.0,4.0,66.0,70.0,4.0,5.2,5.8,0.6,5.7,6.4,0.7,,,,,,,,,,,,
817045,8,93.0,93.0,0.0,96.0,96.0,0.0,5.4,5.8,0.4,6.9,7.1,0.2,,,,,,,,,,,,
817046,8,84.0,86.0,2.0,99.0,99.0,0.0,5.3,5.8,0.5,5.7,6.3,0.6,,,,,,,,,,,,
817047,8,87.0,88.0,1.0,86.0,88.0,2.0,5.5,5.9,0.4,6.7,7.0,0.3,,,,,,,,,,,,
817048,8,,,,,,,,,,,,,,,,4.4,5.0,0.6,4.6,5.3,0.7,,,
817049,8,60.0,65.0,5.0,69.0,72.0,3.0,5.8,6.0,0.2,6.3,6.8,0.5,,,,,,,,,,,,
817050,8,78.0,81.0,3.0,72.0,75.0,3.0,5.0,5.6,0.6,6.2,6.7,0.5,,,,,,,,,,,,
817052,8,76.0,79.0,3.0,94.0,95.0,1.0,5.5,6.0,0.5,6.4,6.8,0.4,,,,,,,,,,,,
817054,8,,,,,,,,,,,,,,,,4.9,5.1,0.2,5.2,5.6,0.4,,,
817055,8,71.0,75.0,4.0,71.0,74.0,3.0,5.9,6.0,0.1,6.3,6.7,0.4,,,,,,,,,,,,
817056,8,,,,,,,,,,,,,,,,4.6,5.0,0.4,5.1,5.6,0.5,,,
817057,8,77.0,80.0,3.0,54.0,60.0,6.0,5.3,5.8,0.5,6.2,6.7,0.5,,,,,,,,,,,,
817058,8,75.0,78.0,3.0,64.0,68.0,4.0,5.2,5.8,0.6,6.2,6.7,0.5,,,,,,,,,,,,
817059,8,76.0,79.0,3.0,65.0,69.0,4.0,5.1,5.7,0.6,5.1,6.0,0.9,,,,,,,,,,,,
817060,8,37.0,50.0,13.0,96.0,96.0,0.0,5.7,6.0,0.3,5.4,6.2,0.8,,,,,,,,,,,,
817061,8,59.0,64.0,5.0,44.0,60.0,16.0,5.2,5.8,0.6,5.6,6.3,0.7,,,,,,,,,,,,
817062,8,,,,,,,,,,,,,,,,4.4,5.0,0.6,4.5,5.3,0.8,,,
817063,8,88.0,89.0,1.0,96.0,96.0,0.0,5.3,5.8,0.5,6.0,6.6,0.6,,,,,,,,,,,,
817064,8,48.0,55.0,7.0,47.0,60.0,13.0,5.7,6.0,0.3,5.1,5.9,0.8,,,,,,,,,,0.99,0.99,0.0
817065,8,71.0,75.0,4.0,96.0,96.0,0.0,5.6,6.0,0.4,5.4,6.2,0.8,,,,,,,,,,,,
817066,8,,,,,,,,,,,,,,,,3.8,4.6,0.8,4.8,5.3,0.5,,,
817067,8,,,,,,,,,,,,,,,,4.2,4.8,0.6,4.3,5.1,0.8,,,
817069,8,73.0,76.0,3.0,100.0,100.0,0.0,5.7,6.0,0.3,6.9,7.1,0.2,,,,,,,,,,,,
817070,8,,,,,,,,,,,,,,,,4.2,4.8,0.6,4.7,5.3,0.6,,,
817071,8,,,,,,,,,,,,,,,,3.7,4.5,0.8,4.3,5.0,0.7,,,
817072,8,40.0,50.0,10.0,55.0,60.0,5.0,4.9,5.5,0.6,5.7,6.4,0.7,,,,,,,,,,,,
817074,8,,,,,,,,,,,,,,,,4.3,4.8,0.5,4.4,5.1,0.7,,,
817075,8,,,,,,,,,,,,,,,,4.1,4.7,0.6,5.0,5.5,0.5,,,
817076,8,,,,,,,,,,,,,,,,3.5,4.3,0.8,4.0,4.8,0.8,,,
817077,8,49.0,56.0,7.0,56.0,60.0,4.0,5.7,6.0,0.3,5.8,6.4,0.6,,,,,,,,,,,,
817078,8,69.0,73.0,4.0,94.0,95.0,1.0,5.5,5.9,0.4,6.3,6.7,0.4,,,,,,,,,,,,
817079,8,64.0,69.0,5.0,98.0,98.0,0.0,5.4,5.9,0.5,6.1,6.6,0.5,,,,,,,,,,,,
817080,8,72.0,76.0,4.0,64.0,68.0,4.0,5.2,5.7,0.5,5.9,6.5,0.6,,,,,,,,,,,,
817081,8,62.0,67.0,5.0,89.0,90.0,1.0,5.1,5.7,0.6,5.0,5.9,0.9,,,,,,,,,,,,
817082,8,52.0,58.0,6.0,68.0,71.0,3.0,4.8,5.4,0.6,5.7,6.4,0.7,,,,,,,,,,,,
817083,8,,,,,,,,,,,,,,,,4.8,5.1,0.3,5.1,5.5,0.4,,,
817084,8,,,,,,,,,,,,,,,,5.2,5.3,0.1,5.3,5.6,0.3,,,
817127,8,100.0,100.0,0.0,100.0,100.0,0.0,6.0,6.1,0.1,7.7,7.5,0.0,,,,,,,,,,,,
817128,8,59.0,64.0,5.0,95.0,95.0,0.0,5.4,5.9,0.5,5.0,5.9,0.9,,,,,,,,,,0.98,0.98,0.0
817132,8,52.0,58.0,6.0,62.0,66.0,4.0,5.3,5.8,0.5,6.0,6.6,0.6,,,,4.6,5.0,0.4,4.7,5.3,0.6,,,
817133,8,73.0,76.0,3.0,100.0,100.0,0.0,5.3,5.8,0.5,5.4,6.2,0.8,,,,,,,,,,,,
817202,8,65.0,70.0,5.0,66.0,70.0,4.0,5.3,5.8,0.5,6.6,7.0,0.4,,,,,,,,,,,,
817207,8,66.0,70.0,4.0,90.0,91.0,1.0,4.7,5.3,0.6,5.2,6.0,0.8,,,,,,,,,,,,
817501,8,60.0,65.0,5.0,91.0,92.0,1.0,4.6,5.2,0.6,5.7,6.4,0.7,,,,,,,,,,,,
817502,8,74.0,77.0,3.0,100.0,100.0,0.0,5.1,5.7,0.6,6.2,6.7,0.5,,,,,,,,,,,,
817503,8,82.0,84.0,2.0,87.0,89.0,2.0,5.4,5.9,0.5,6.0,6.6,0.6,,,,,,,,,,,,
817504,8,66.0,70.0,4.0,63.0,67.0,4.0,5.2,5.8,0.6,5.9,6.5,0.6,,,,,,,,,,,,
817505,8,71.0,75.0,4.0,93.0,94.0,1.0,4.8,5.4,0.6,5.4,6.1,0.7,,,,,,,,,,,,
817506,8,48.0,55.0,7.0,68.0,71.0,3.0,4.6,5.2,0.6,6.4,6.9,0.5,,,,,,,,,,,,
817507,8,88.0,89.0,1.0,100.0,100.0,0.0,4.9,5.5,0.6,5.3,6.0,0.7,,,,,,,,,,0.99,0.99,0.0
817508,8,75.0,78.0,3.0,88.0,90.0,2.0,4.6,5.2,0.6,6.2,6.7,0.5,,,,,,,,,,,,
817509,8,53.0,59.0,6.0,84.0,86.0,2.0,4.7,5.3,0.6,5.0,5.9,0.9,,,,,,,,,,,,
833001,8,,,,,,,,,,,,,,,,4.4,4.9,0.5,4.7,5.3,0.6,,,
833002,8,52.0,58.0,6.0,62.0,66.0,4.0,4.8,5.4,0.6,5.5,6.2,0.7,,,,,,,,,,,,
833004,8,73.0,76.0,3.0,96.0,96.0,0.0,5.6,6.0,0.4,7.1,7.3,0.2,,,,,,,,,,0.99,0.99,0.0
833007,8,,,,,,,,,,,,,,,,4.4,5.0,0.6,4.7,5.4,0.7,,,
833009,8,78.0,81.0,3.0,70.0,73.0,3.0,5.8,6.0,0.2,6.5,6.9,0.4,,,,,,,,,,,,
833010,8,,,,,,,,,,,,,,,,5.1,5.3,0.2,5.6,5.8,0.2,,,
833011,8,,,,,,,,,,,,,,,,5.3,5.4,0.1,5.0,5.5,0.5,,,
833012,8,77.0,80.0,3.0,72.0,75.0,3.0,5.2,5.8,0.6,6.8,7.1,0.3,,,,,,,,,,0.99,0.99,0.0
833013,8,53.0,59.0,6.0,43.0,60.0,17.0,5.5,6.0,0.5,6.1,6.6,0.5,,,,,,,,,,,,
833014,8,67.0,71.0,4.0,94.0,95.0,1.0,5.1,5.7,0.6,5.1,5.9,0.8,,,,,,,,,,,,
833016,8,,,,,,,,,,,,,,,,4.6,5.0,0.4,5.3,5.6,0.3,,,
833017,8,,,,,,,,,,,,,,,,4.3,4.8,0.5,4.0,4.8,0.8,,,
833018,8,,,,,,,,,,,,,,,,5.0,5.2,0.2,4.8,5.3,0.5,,,
833019,8,,,,,,,,,,,,,,,,3.9,4.6,0.7,4.8,5.3,0.5,,,
833020,8,63.0,68.0,5.0,100.0,100.0,0.0,5.8,6.0,0.2,6.8,7.0,0.2,,,,,,,,,,0.99,0.99,0.0
833021,8,78.0,81.0,3.0,98.0,98.0,0.0,5.1,5.7,0.6,4.6,5.6,1.0,,,,,,,,,,,,
833022,8,,,,,,,,,,,,,,,,5.6,5.7,0.1,6.2,6.3,0.1,,,
833023,8,67.0,71.0,4.0,76.0,79.0,3.0,5.4,5.9,0.5,5.8,6.5,0.7,,,,,,,,,,,,
833024,8,84.0,86.0,2.0,68.0,71.0,3.0,5.4,5.9,0.5,6.1,6.6,0.5,,,,3.9,4.6,0.7,4.0,4.8,0.8,,,
833025,8,,,,,,,,,,,,,,,,3.6,4.4,0.8,4.5,5.1,0.6,,,
833026,8,,,,,,,,,,,,,,,,4.9,5.2,0.3,5.0,5.5,0.5,,,
833027,8,46.0,53.0,7.0,62.0,66.0,4.0,5.4,5.9,0.5,6.0,6.5,0.5,,,,,,,,,,,,
833029,8,51.0,58.0,7.0,51.0,60.0,9.0,4.9,5.5,0.6,5.7,6.3,0.6,,,,,,,,,,,,
833030,8,,,,,,,,,,,,,,,,4.6,5.0,0.4,4.7,5.2,0.5,,,
833031,8,,,,,,,,,,,,,,,,5.3,5.4,0.1,5.6,5.8,0.2,,,
833032,8,61.0,66.0,5.0,50.0,60.0,10.0,5.2,5.8,0.6,5.6,6.3,0.7,,,,,,,,,,,,
833033,8,,,,,,,,,,,,,,,,4.2,4.8,0.6,4.5,5.2,0.7,,,
833034,8,71.0,75.0,4.0,82.0,84.0,2.0,5.8,6.0,0.2,5.9,6.6,0.7,,,,,,,,,,,,
833035,8,71.0,75.0,4.0,73.0,76.0,3.0,5.4,5.8,0.4,6.0,6.5,0.5,,,,,,,,,,,,
833036,8,70.0,74.0,4.0,72.0,75.0,3.0,6.2,6.2,0.0,6.3,6.7,0.4,,,,,,,,,,,,
833037,8,88.0,89.0,1.0,94.0,95.0,1.0,5.6,6.0,0.4,7.4,7.5,0.1,,,,,,,,,,,,
833038,8,96.0,96.0,0.0,100.0,100.0,0.0,5.7,6.0,0.3,7.1,7.2,0.1,,,,,,,,,,0.99,0.99,0.0
833039,8,,,,,,,,,,,,,,,,4.1,4.8,0.7,4.7,5.3,0.6,,,
833040,8,,,,,,,,,,,,,,,,4.5,5.0,0.5,4.6,5.2,0.6,,,
833041,8,,,,,,,,,,,,,,,,4.4,4.9,0.5,4.8,5.3,0.5,,,
833042,8,,,,,,,,,,,,,,,,4.1,4.7,0.6,4.9,5.4,0.5,,,
833043,8,86.0,88.0,2.0,100.0,100.0,0.0,6.3,6.2,0.0,6.3,6.8,0.5,,,,,,,,,,,,
833045,8,76.0,79.0,3.0,83.0,85.0,2.0,5.4,5.9,0.5,5.8,6.4,0.6,,,,,,,,,,,,
833048,8,85.0,87.0,2.0,93.0,94.0,1.0,5.8,6.1,0.3,6.8,7.1,0.3,,,,,,,,,,,,
833201,8,66.0,70.0,4.0,68.0,71.0,3.0,4.6,5.2,0.6,5.3,6.2,0.9,,,,,,,,,,,,
833501,8,79.0,82.0,3.0,91.0,92.0,1.0,6.3,6.2,0.0,6.8,7.0,0.2,,,,,,,,,,0.97,0.97,0.0
833502,8,81.0,83.0,2.0,95.0,95.0,0.0,4.9,5.5,0.6,7.3,7.4,0.1,,,,,,,,,,0.99,0.99,0.0
833503,8,47.0,54.0,7.0,47.0,60.0,13.0,5.2,5.8,0.6,5.9,6.5,0.6,,,,,,,,,,,,
833504,8,86.0,88.0,2.0,88.0,90.0,2.0,4.6,5.2,0.6,5.6,6.3,0.7,,,,,,,,,,,,
833505,8,77.0,80.0,3.0,67.0,70.0,3.0,5.2,5.8,0.6,6.8,7.1,0.3,,,,,,,,,,,,
918001,9,,,,,,,,,,,,,,,,4.5,5.0,0.5,5.1,5.5,0.4,,,
918002,9,57.0,63.0,6.0,75.0,78.0,3.0,4.8,5.4,0.6,5.8,6.4,0.6,,,,,,,,,,,,
918003,9,100.0,100.0,0.0,85.0,87.0,2.0,5.1,5.7,0.6,7.2,7.3,0.1,,,,,,,,,,,,
918004,9,86.0,88.0,2.0,92.0,93.0,1.0,5.8,6.1,0.3,6.2,6.7,0.5,,,,,,,,,,0.99,0.99,0.0
918005,9,82.0,84.0,2.0,80.0,82.0,2.0,5.4,5.9,0.5,6.7,7.0,0.3,,,,,,,,,,0.99,0.99,0.0
918006,9,71.0,75.0,4.0,78.0,81.0,3.0,6.3,6.2,0.0,6.3,6.8,0.5,,,,,,,,,,,,
918007,9,,,,,,,,,,,,,,,,4.4,4.9,0.5,5.1,5.5,0.4,,,
918008,9,70.0,74.0,4.0,100.0,100.0,0.0,5.8,6.1,0.3,6.7,7.0,0.3,,,,,,,,,,0.99,0.99,0.0
918009,9,62.0,67.0,5.0,70.0,73.0,3.0,5.7,6.0,0.3,6.1,6.6,0.5,,,,,,,,,,,,
918010,9,,,,,,,,,,,,,,,,4.4,4.9,0.5,4.7,5.3,0.6,,,
918011,9,75.0,78.0,3.0,81.0,83.0,2.0,5.4,5.9,0.5,6.1,6.6,0.5,,,,,,,,,,0.99,0.99,0.0
918012,9,55.0,61.0,6.0,53.0,60.0,7.0,5.3,5.9,0.6,5.6,6.3,0.7,,,,,,,,,,,,
918013,9,,,,,,,,,,,,,,,,5.2,5.3,0.1,5.6,5.8,0.2,,,
918016,9,78.0,81.0,3.0,85.0,87.0,2.0,5.2,5.8,0.6,7.3,7.4,0.1,,,,,,,,,,0.99,0.99,0.0
918017,9,85.0,87.0,2.0,92.0,93.0,1.0,6.0,6.2,0.2,6.5,6.9,0.4,,,,,,,,,,0.99,0.99,0.0
918019,9,,,,,,,,,,,,,,,,4.6,5.0,0.4,5.2,5.6,0.4,,,
918020,9,,,,,,,,,,,,,,,,5.1,5.2,0.1,5.5,5.7,0.2,,,
918021,9,81.0,83.0,2.0,87.0,89.0,2.0,6.2,6.2,0.0,6.6,7.0,0.4,,,,,,,,,,0.99,0.99,0.0
918022,9,69.0,73.0,4.0,60.0,64.0,4.0,5.3,5.8,0.5,6.4,6.8,0.4,,,,,,,,,,,,
918024,9,76.0,79.0,3.0,94.0,95.0,1.0,5.3,5.8,0.5,6.7,7.0,0.3,,,,,,,,,,0.99,0.99,0.0
918025,9,92.0,93.0,1.0,74.0,77.0,3.0,6.2,6.2,0.0,6.3,6.8,0.5,,,,,,,,,,,,
918026,9,75.0,78.0,3.0,85.0,87.0,2.0,5.5,5.9,0.4,6.5,6.9,0.4,,,,,,,,,,,,
918027,9,,,,,,,,,,,,,,,,4.7,5.1,0.4,5.0,5.5,0.5,,,
918028,9,,,,,,,,,,,,,,,,4.6,5.0,0.4,5.0,5.5,0.5,,,
918029,9,63.0,68.0,5.0,70.0,73.0,3.0,5.7,6.0,0.3,6.5,6.9,0.4,,,,,,,,,,0.99,0.99,0.0
918030,9,93.0,93.0,0.0,77.0,80.0,3.0,5.9,6.1,0.2,7.4,7.5,0.1,,,,,,,,,,,,
918031,9,83.0,85.0,2.0,70.0,73.0,3.0,6.4,6.2,0.0,6.8,7.1,0.3,,,,,,,,,,,,
918032,9,,,,,,,,,,,,,,,,5.0,5.2,0.2,5.1,5.5,0.4,,,
918033,9,,,,,,,,,,,,,,,,4.5,5.0,0.5,5.4,5.7,0.3,,,
918034,9,,,,,,,,,,,,,,,,4.8,5.1,0.3,4.8,5.3,0.5,,,
918035,9,69.0,73.0,4.0,90.0,91.0,1.0,5.6,6.0,0.4,6.4,6.8,0.4,,,,,,,,,,,,
918036,9,,,,,,,,,,,,,,,,4.8,5.1,0.3,5.2,5.6,0.4,,,
918037,9,71.0,75.0,4.0,68.0,71.0,3.0,5.4,5.9,0.5,5.7,6.4,0.7,,,,,,,,,,,,
918038,9,69.0,73.0,4.0,69.0,72.0,3.0,5.9,6.1,0.2,7.0,7.2,0.2,,,,,,,,,,,,
918039,9,98.0,98.0,0.0,98.0,98.0,0.0,5.1,5.7,0.6,6.6,7.0,0.4,,,,,,,,,,,,
918040,9,71.0,75.0,4.0,100.0,100.0,0.0,6.2,6.2,0.0,6.2,6.7,0.5,,,,,,,,,,,,
918041,9,65.0,70.0,5.0,87.0,89.0,2.0,5.5,5.9,0.4,5.9,6.5,0.6,,,,,,,,,,,,
918042,9,,,,,,,,,,,,,,,,4.7,5.0,0.3,4.9,5.4,0.5,,,
918043,9,75.0,78.0,3.0,100.0,100.0,0.0,5.1,5.7,0.6,6.7,7.0,0.3,,,,,,,,,,,,
918044,9,86.0,88.0,2.0,80.0,82.0,2.0,5.3,5.8,0.5,6.6,7.0,0.4,,,,,,,,,,,,
918045,9,,,,,,,,,,,,,,,,5.0,5.2,0.2,5.2,5.6,0.4,,,
918046,9,79.0,82.0,3.0,97.0,97.0,0.0,5.0,5.6,0.6,6.5,6.9,0.4,,,,,,,,,,,,
918047,9,70.0,74.0,4.0,73.0,76.0,3.0,5.6,5.9,0.3,6.4,6.8,0.4,,,,,,,,,,,,
918048,9,,,,,,,,,,,,,,,,4.7,5.1,0.4,5.0,5.5,0.5,,,
918049,9,68.0,72.0,4.0,66.0,70.0,4.0,5.3,5.8,0.5,6.6,6.9,0.3,,,,,,,,,,,,
918051,9,81.0,83.0,2.0,100.0,100.0,0.0,6.2,6.2,0.0,6.4,6.9,0.5,,,,,,,,,,,,
918052,9,48.0,55.0,7.0,59.0,63.0,4.0,5.1,5.7,0.6,5.5,6.3,0.8,,,,,,,,,,,,
918053,9,65.0,70.0,5.0,72.0,75.0,3.0,5.8,6.1,0.3,6.4,6.9,0.5,,,,,,,,,,0.98,0.98,0.0
918054,9,,,,,,,,,,,,,,,,4.8,5.1,0.3,5.2,5.6,0.4,,,
918055,9,71.0,75.0,4.0,80.0,82.0,2.0,6.6,6.3,0.0,7.1,7.3,0.2,,,,,,,,,,,,
918056,9,63.0,68.0,5.0,82.0,84.0,2.0,5.6,6.0,0.4,6.0,6.6,0.6,,,,,,,,,,0.99,0.99,0.0
918057,9,56.0,62.0,6.0,63.0,67.0,4.0,5.5,5.9,0.4,6.0,6.6,0.6,,,,,,,,,,,,
918058,9,79.0,82.0,3.0,92.0,93.0,1.0,5.8,6.0,0.2,6.4,6.8,0.4,,,,,,,,,,,,
918059,9,91.0,92.0,1.0,97.0,97.0,0.0,6.0,6.1,0.1,7.0,7.2,0.2,,,,,,,,,,0.99,0.99,0.0
918060,9,73.0,76.0,3.0,92.0,93.0,1.0,5.6,6.0,0.4,6.4,6.8,0.4,,,,,,,,,,,,
918061,9,,,,,,,,,,,,,,,,4.8,5.1,0.3,5.4,5.7,0.3,,,
918062,9,79.0,82.0,3.0,81.0,83.0,2.0,6.3,6.2,0.0,5.7,6.4,0.7,,,,,,,,,,,,
918064,9,88.0,89.0,1.0,94.0,95.0,1.0,5.7,6.0,0.3,6.6,6.9,0.3,,,,,,,,,,,,
918065,9,73.0,76.0,3.0,82.0,84.0,2.0,5.3,5.8,0.5,6.5,6.9,0.4,,,,,,,,,,0.99,0.99,0.0
918068,9,85.0,87.0,2.0,97.0,97.0,0.0,6.2,6.2,0.0,6.2,6.6,0.4,,,,,,,,,,0.99,0.99,0.0
918069,9,,,,,,,,,,,,,,,,4.1,4.8,0.7,5.0,5.5,0.5,,,
918070,9,,,,,,,,,,,,,,,,5.7,5.8,0.1,6.1,6.2,0.1,,,
918071,9,,,,,,,,,,,,,,,,4.5,5.0,0.5,5.5,5.8,0.3,,,
918072,9,94.0,94.0,0.0,100.0,100.0,0.0,5.1,5.7,0.6,6.0,6.6,0.6,,,,,,,,,,,,
918073,9,99.0,99.0,0.0,100.0,100.0,0.0,5.8,6.1,0.3,6.4,6.8,0.4,,,,,,,,,,0.99,0.99,0.0
918074,9,,,,,,,,,,,,,,,,5.6,5.7,0.1,6.0,6.1,0.1,,,
918075,9,,,,,,,,,,,,,,,,4.9,5.2,0.3,5.3,5.7,0.4,,,
918076,9,,,,,,,,,,,,,,,,5.2,5.3,0.1,5.8,5.9,0.1,,,
918077,9,,,,,,,,,,,,,,,,4.8,5.1,0.3,5.2,5.6,0.4,,,
918078,9,,,,,,,,,,,,,,,,5.2,5.3,0.1,5.3,5.6,0.3,,,
918079,9,61.0,66.0,5.0,55.0,60.0,5.0,4.9,5.5,0.6,6.6,7.0,0.4,,,,,,,,,,,,
918080,9,65.0,70.0,5.0,79.0,82.0,3.0,5.7,6.0,0.3,6.6,7.0,0.4,,,,,,,,,,,,
918081,9,,,,,,,,,,,,,,,,4.0,4.7,0.7,4.5,5.1,0.6,,,
918083,9,,,,,,,,,,,,,,,,4.8,5.1,0.3,5.2,5.6,0.4,,,
918084,9,,,,,,,,,,,,,,,,4.9,5.2,0.3,4.9,5.4,0.5,,,
918085,9,63.0,68.0,5.0,74.0,77.0,3.0,5.6,6.0,0.4,6.1,6.6,0.5,,,,,,,,,,,,
918086,9,54.0,60.0,6.0,81.0,83.0,2.0,5.2,5.8,0.6,5.2,6.0,0.8,,,,,,,,,,0.99,0.99,0.0
918087,9,74.0,77.0,3.0,75.0,78.0,3.0,6.0,6.1,0.1,5.9,6.4,0.5,,,,,,,,,,,,
918088,9,58.0,64.0,6.0,69.0,72.0,3.0,5.3,5.9,0.6,5.7,6.3,0.6,,,,,,,,,,,,
918094,9,,,,,,,,,,,,,,,,5.0,5.2,0.2,5.6,5.8,0.2,,,
918095,9,75.0,78.0,3.0,82.0,84.0,2.0,4.4,5.0,0.6,5.7,6.4,0.7,,,,,,,,,,,,
918096,9,58.0,64.0,6.0,85.0,87.0,2.0,5.5,5.9,0.4,6.0,6.6,0.6,,,,,,,,,,0.99,0.99,0.0
918097,9,,,,,,,,,,,,,,,,4.6,5.0,0.4,4.8,5.4,0.6,,,
918098,9,,,,,,,,,,,,,,,,4.6,5.0,0.4,5.0,5.5,0.5,,,
918099,9,85.0,87.0,2.0,83.0,85.0,2.0,5.4,5.9,0.5,6.9,7.2,0.3,,,,,,,,,,0.99,0.99,0.0
918100,9,83.0,85.0,2.0,92.0,93.0,1.0,6.2,6.2,0.0,6.4,6.8,0.4,,,,,,,,,,,,
918101,9,55.0,61.0,6.0,75.0,78.0,3.0,5.5,5.9,0.4,6.4,6.9,0.5,,,,,,,,,,0.99,0.99,0.0
918102,9,74.0,77.0,3.0,79.0,82.0,3.0,5.7,6.0,0.3,6.2,6.7,0.5,,,,,,,,,,,,
918103,9,,,,,,,,,,,,,,,,3.9,4.6,0.7,4.7,5.3,0.6,,,
918104,9,,,,,,,,,,,,,,,,4.6,5.0,0.4,4.6,5.2,0.6,,,
918105,9,,,,,,,,,,,,,,,,4.9,5.2,0.3,5.2,5.6,0.4,,,
918201,9,57.0,63.0,6.0,72.0,75.0,3.0,5.7,6.0,0.3,5.3,6.2,0.9,,,,,,,,,,0.99,0.99,0.0
918203,9,75.0,78.0,3.0,72.0,75.0,3.0,5.9,6.1,0.2,6.5,6.9,0.4,,,,,,,,,,0.99,0.99,0.0
918205,9,,,,,,,,,,,,,,,,4.6,5.0,0.4,5.3,5.7,0.4,,,
918501,9,77.0,80.0,3.0,86.0,88.0,2.0,6.0,6.1,0.1,7.9,7.6,0.0,,,,,,,,,,,,
918502,9,62.0,67.0,5.0,87.0,89.0,2.0,5.5,5.9,0.4,6.0,6.6,0.6,,,,,,,,,,,,
918503,9,66.0,70.0,4.0,62.0,66.0,4.0,6.2,6.2,0.0,5.8,6.4,0.6,,,,,,,,,,,,
918504,9,98.0,98.0,0.0,91.0,92.0,1.0,6.2,6.2,0.0,6.8,7.1,0.3,,,,,,,,,,0.99,0.99,0.0
918505,9,79.0,82.0,3.0,89.0,90.0,1.0,5.6,6.0,0.4,6.3,6.7,0.4,,,,,,,,,,0.99,0.99,0.0
918506,9,85.0,87.0,2.0,60.0,64.0,4.0,5.7,6.0,0.3,6.4,6.9,0.5,,,,,,,,,,0.99,0.99,0.0
918507,9,79.0,82.0,3.0,63.0,67.0,4.0,5.4,5.9,0.5,6.5,6.9,0.4,,,,,,,,,,0.99,0.99,0.0
918508,9,91.0,92.0,1.0,92.0,93.0,1.0,5.1,5.7,0.6,6.0,6.6,0.6,,,,,,,,,,,,
918509,9,80.0,82.0,2.0,93.0,94.0,1.0,6.0,6.1,0.1,7.2,7.3,0.1,,,,,,,,,,,,
918510,9,51.0,58.0,7.0,50.0,60.0,10.0,5.6,6.0,0.4,6.2,6.7,0.5,,,,,,,,,,0.99,0.99,0.0
918511,9,82.0,84.0,2.0,80.0,82.0,2.0,5.2,5.7,0.5,6.4,6.8,0.4,,,,,,,,,,,,
1019001,10,65.0,70.0,5.0,73.0,76.0,3.0,5.5,5.9,0.4,5.5,6.2,0.7,,,,,,,,,,0.99,0.99,0.0
1019002,10,92.0,93.0,1.0,100.0,100.0,0.0,5.4,5.9,0.5,5.7,6.4,0.7,,,,,,,,,,,,
1019003,10,70.0,74.0,4.0,88.0,90.0,2.0,5.8,6.1,0.3,6.3,6.7,0.4,,,,,,,,,,,,
1019004,10,79.0,82.0,3.0,99.0,99.0,0.0,6.3,6.2,0.0,6.7,7.0,0.3,,,,,,,,,,,,
1019005,10,,,,,,,,,,,,,,,,5.0,5.2,0.2,5.0,5.5,0.5,,,
1019006,10,66.0,70.0,4.0,67.0,70.0,3.0,5.2,5.8,0.6,6.1,6.7,0.6,,,,,,,,,,0.99,0.99,0.0
1019007,10,,,,,,,,,,,,,,,,4.4,4.9,0.5,4.7,5.2,0.5,,,
1019008,10,,,,,,,,,,,,,,,,4.2,4.8,0.6,4.6,5.2,0.6,,,
1019009,10,92.0,93.0,1.0,95.0,95.0,0.0,6.0,6.1,0.1,7.6,7.5,0.0,,,,,,,,,,,,
1019010,10,85.0,87.0,2.0,83.0,85.0,2.0,5.7,6.0,0.3,6.5,6.9,0.4,,,,,,,,,,,,
1019011,10,91.0,92.0,1.0,100.0,100.0,0.0,5.4,5.9,0.5,6.7,7.0,0.3,,,,,,,,,,,,
1019012,10,61.0,66.0,5.0,70.0,73.0,3.0,5.7,6.0,0.3,6.1,6.6,0.5,,,,,,,,,,0.99,0.99,0.0
1019013,10,,,,,,,,,,,,,,,,4.6,5.0,0.4,4.9,5.4,0.5,,,
1019014,10,,,,,,,,,,,,,,,,4.9,5.2,0.3,5.3,5.6,0.3,,,
1019015,10,,,,,,,,,,,,,,,,4.2,4.8,0.6,4.5,5.1,0.6,,,
1019016,10,,,,,,,,,,,,,,,,3.8,4.6,0.8,4.3,5.0,0.7,,,
1019017,10,64.0,69.0,5.0,99.0,99.0,0.0,5.2,5.8,0.6,5.2,6.0,0.8,,,,,,,,,,0.99,0.99,0.0
1019018,10,95.0,95.0,0.0,100.0,100.0,0.0,6.1,6.2,0.1,7.8,7.5,0.0,,,,,,,,,,0.99,0.99,0.0
1019019,10,,,,,,,,,,,,,,,,4.4,4.9,0.5,4.7,5.3,0.6,,,
1019020,10,92.0,93.0,1.0,98.0,98.0,0.0,5.9,6.1,0.2,6.6,6.9,0.3,,,,,,,,,,,,
1019021,10,,,,,,,,,,,,,,,,3.6,4.4,0.8,4.1,4.9,0.8,,,
1019022,10,74.0,77.0,3.0,86.0,88.0,2.0,5.5,5.9,0.4,5.8,6.4,0.6,,,,,,,,,,,,
1019023,10,78.0,81.0,3.0,99.0,99.0,0.0,5.4,5.8,0.4,6.6,6.9,0.3,,,,,,,,,,0.99,0.99,0.0
1019024,10,45.0,52.0,7.0,78.0,81.0,3.0,5.2,5.8,0.6,5.4,6.2,0.8,,,,,,,,,,0.99,0.99,0.0
1019025,10,64.0,69.0,5.0,83.0,85.0,2.0,5.5,5.9,0.4,6.9,7.1,0.2,,,,,,,,,,0.99,0.99,0.0
1019026,10,81.0,83.0,2.0,96.0,96.0,0.0,5.2,5.8,0.6,6.0,6.6,0.6,,,,,,,,,,0.99,0.99,0.0
1019027,10,79.0,82.0,3.0,98.0,98.0,0.0,5.2,5.8,0.6,5.8,6.4,0.6,,,,,,,,,,0.99,0.99,0.0
1019030,10,64.0,69.0,5.0,88.0,90.0,2.0,5.9,6.1,0.2,6.2,6.7,0.5,,,,,,,,,,,,
1019031,10,,,,,,,,,,,,,,,,4.1,4.7,0.6,4.6,5.2,0.6,,,
1019032,10,62.0,67.0,5.0,72.0,75.0,3.0,5.4,5.9,0.5,6.8,7.1,0.3,,,,,,,,,,,,
1019033,10,85.0,87.0,2.0,100.0,100.0,0.0,5.7,6.0,0.3,7.2,7.3,0.1,,,,,,,,,,,,
1019034,10,78.0,81.0,3.0,98.0,98.0,0.0,5.5,5.9,0.4,6.4,6.8,0.4,,,,,,,,,,,,
1019035,10,,,,,,,,,,,,,,,,4.2,4.8,0.6,4.6,5.2,0.6,,,
1019036,10,,,,,,,,,,,,,,,,4.6,5.0,0.4,5.2,5.6,0.4,,,
1019037,10,,,,,,,,,,,,,,,,4.3,4.8,0.5,4.9,5.4,0.5,,,
1019038,10,75.0,78.0,3.0,100.0,100.0,0.0,5.8,6.1,0.3,6.3,6.8,0.5,,,,,,,,,,,,
1019039,10,83.0,85.0,2.0,95.0,95.0,0.0,5.9,6.1,0.2,7.1,7.3,0.2,,,,,,,,,,0.99,0.99,0.0
1019040,10,,,,,,,,,,,,,,,,4.7,5.1,0.4,4.8,5.4,0.6,,,
1019041,10,68.0,72.0,4.0,92.0,93.0,1.0,5.3,5.8,0.5,5.5,6.2,0.7,,,,,,,,,,0.99,0.99,0.0
1019042,10,77.0,80.0,3.0,96.0,96.0,0.0,5.3,5.8,0.5,6.4,6.8,0.4,,,,,,,,,,0.99,0.99,0.0
1019043,10,91.0,92.0,1.0,100.0,100.0,0.0,5.6,6.0,0.4,7.3,7.4,0.1,,,,,,,,,,0.99,0.99,0.0
1019044,10,59.0,64.0,5.0,78.0,81.0,3.0,4.9,5.5,0.6,5.7,6.4,0.7,,,,,,,,,,,,
1019045,10,83.0,85.0,2.0,91.0,92.0,1.0,5.6,6.0,0.4,5.3,6.1,0.8,,,,,,,,,,,,
1019046,10,83.0,85.0,2.0,86.0,88.0,2.0,6.1,6.2,0.1,6.4,6.8,0.4,,,,,,,,,,0.99,0.99,0.0
1019047,10,,,,,,,,,,,,,,,,5.0,5.2,0.2,5.1,5.5,0.4,,,
1019048,10,70.0,74.0,4.0,78.0,81.0,3.0,5.1,5.7,0.6,5.6,6.3,0.7,,,,,,,,,,,,
1019049,10,63.0,68.0,5.0,87.0,89.0,2.0,5.9,6.1,0.2,7.1,7.3,0.2,,,,,,,,,,,,
1019050,10,92.0,93.0,1.0,98.0,98.0,0.0,6.2,6.2,0.0,6.9,7.2,0.3,,,,,,,,,,,,
1019051,10,78.0,81.0,3.0,82.0,84.0,2.0,5.3,5.8,0.5,6.4,6.8,0.4,,,,,,,,,,,,
1019052,10,,,,,,,,,,,,,,,,4.6,5.0,0.4,4.7,5.3,0.6,,,
1019053,10,,,,,,,,,,,,,,,,4.4,4.9,0.5,5.3,5.7,0.4,,,
1019054,10,,,,,,,,,,,,,,,,4.2,4.8,0.6,5.0,5.5,0.5,,,
1019055,10,,,,,,,,,,,,,,,,4.0,4.7,0.7,5.2,5.6,0.4,,,
1019056,10,47.0,54.0,7.0,76.0,79.0,3.0,5.2,5.8,0.6,5.5,6.2,0.7,,,,,,,,,,,,
1019057,10,75.0,78.0,3.0,80.0,82.0,2.0,5.0,5.6,0.6,6.6,7.0,0.4,,,,,,,,,,,,
1019058,10,,,,,,,,,,,,,,,,5.4,5.5,0.1,5.8,5.9,0.1,,,
1019059,10,51.0,58.0,7.0,98.0,98.0,0.0,5.2,5.8,0.6,5.8,6.4,0.6,,,,,,,,,,,,
1019060,10,,,,,,,,,,,,,,,,4.3,4.8,0.5,4.7,5.2,0.5,,,
1019062,10,,,,,,,,,,,,,,,,5.7,5.8,0.1,5.5,5.8,0.3,,,
1019064,10,59.0,64.0,5.0,99.0,99.0,0.0,5.8,6.1,0.3,6.6,6.9,0.3,,,,,,,,,,,,
1019065,10,57.0,63.0,6.0,90.0,91.0,1.0,5.5,5.9,0.4,5.8,6.4,0.6,,,,,,,,,,,,
1019072,10,92.0,93.0,1.0,100.0,100.0,0.0,5.9,6.1,0.2,6.1,6.7,0.6,,,,,,,,,,0.99,0.99,0.0
1019073,10,44.0,51.0,7.0,70.0,73.0,3.0,5.7,6.0,0.3,6.7,7.0,0.3,,,,,,,,,,,,
1019074,10,67.0,71.0,4.0,81.0,83.0,2.0,5.4,5.9,0.5,6.1,6.6,0.5,,,,,,,,,,,,
1019075,10,,,,,,,,,,,,,,,,4.5,5.0,0.5,5.2,5.6,0.4,,,
1019076,10,,,,,,,,,,,,,,,,4.6,5.0,0.4,5.4,5.7,0.3,,,
1019078,10,65.0,70.0,5.0,98.0,98.0,0.0,5.2,5.8,0.6,5.6,6.3,0.7,,,,,,,,,,0.99,0.99,0.0
1019079,10,,,,,,,,,,,,,,,,4.1,4.7,0.6,4.4,5.0,0.6,,,
1019080,10,,,,,,,,,,,,,,,,3.7,4.5,0.8,3.9,4.7,0.8,,,
1019081,10,35.0,50.0,15.0,68.0,71.0,3.0,5.3,5.8,0.5,5.4,6.1,0.7,,,,,,,,,,0.99,0.99,0.0
1019082,10,78.0,81.0,3.0,85.0,87.0,2.0,4.8,5.4,0.6,5.9,6.5,0.6,,,,,,,,,,0.99,0.99,0.0
1019084,10,67.0,71.0,4.0,81.0,83.0,2.0,5.8,6.1,0.3,6.1,6.6,0.5,,,,,,,,,,,,
1019085,10,,,,,,,,,,,,,,,,4.1,4.8,0.7,4.6,5.2,0.6,,,
1019086,10,,,,,,,,,,,,,,,,3.8,4.6,0.8,4.6,5.2,0.6,,,
1019089,10,86.0,88.0,2.0,88.0,90.0,2.0,5.9,6.1,0.2,6.1,6.6,0.5,,,,,,,,,,,,
1019092,10,74.0,77.0,3.0,85.0,87.0,2.0,5.2,5.8,0.6,5.6,6.3,0.7,,,,,,,,,,0.99,0.99,0.0
1019201,10,,,,,,,,,,,,,,,,4.1,4.7,0.6,4.8,5.3,0.5,,,
1019202,10,47.0,54.0,7.0,63.0,67.0,4.0,6.7,6.4,0.0,6.3,6.8,0.5,,,,,,,,,,,,
1019205,10,83.0,85.0,2.0,97.0,97.0,0.0,5.8,6.1,0.3,7.0,7.2,0.2,,,,,,,,,,0.99,0.99,0.0
1019206,10,51.0,58.0,7.0,78.0,81.0,3.0,5.3,5.8,0.5,5.8,6.4,0.6,,,,,,,,,,,,
1019207,10,65.0,70.0,5.0,93.0,94.0,1.0,5.2,5.8,0.6,5.4,6.2,0.8,,,,,,,,,,0.99,0.99,0.0
1019209,10,76.0,79.0,3.0,91.0,92.0,1.0,5.6,6.0,0.4,6.1,6.6,0.5,,,,,,,,,,,,
1019210,10,75.0,78.0,3.0,89.0,90.0,1.0,5.7,6.0,0.3,6.1,6.6,0.5,,,,,,,,,,,,
1019211,10,91.0,92.0,1.0,100.0,100.0,0.0,6.3,6.2,0.0,7.4,7.5,0.1,,,,,,,,,,,,
1019501,10,50.0,57.0,7.0,41.0,60.0,19.0,5.1,5.7,0.6,5.8,6.4,0.6,,,,,,,,,,,,
1019502,10,55.0,61.0,6.0,74.0,77.0,3.0,4.7,5.3,0.6,6.2,6.7,0.5,,,,,,,,,,0.99,0.99,0.0
1019503,10,88.0,89.0,1.0,99.0,99.0,0.0,5.2,5.8,0.6,6.1,6.6,0.5,,,,,,,,,,,,
1026001,10,46.0,53.0,7.0,59.0,63.0,4.0,5.6,6.0,0.4,5.6,6.3,0.7,,,,,,,,,,,,
1026002,10,,,,,,,,,,,,,,,,4.6,5.0,0.4,5.0,5.5,0.5,,,
1026003,10,62.0,67.0,5.0,73.0,76.0,3.0,5.1,5.7,0.6,5.7,6.4,0.7,,,,,,,,,,,,
1026004,10,80.0,82.0,2.0,77.0,80.0,3.0,5.3,5.9,0.6,6.4,6.8,0.4,,,,,,,,,,,,
1026005,10,,,,,,,,,,,,,,,,4.6,5.1,0.5,4.8,5.4,0.6,,,
1026006,10,73.0,76.0,3.0,95.0,95.0,0.0,5.4,5.9,0.5,6.1,6.7,0.6,,,,,,,,,,,,
1026007,10,,,,,,,,,,,,,,,,4.8,5.1,0.3,5.0,5.5,0.5,,,
1026008,10,,,,,,,,,,,,,,,,4.7,5.1,0.4,5.1,5.6,0.5,,,
1026009,10,51.0,58.0,7.0,53.0,60.0,7.0,5.5,6.0,0.5,6.2,6.7,0.5,,,,,,,,,,,,
1026010,10,66.0,70.0,4.0,96.0,96.0,0.0,4.9,5.5,0.6,6.5,6.9,0.4,,,,,,,,,,0.99,0.99,0.0
1026011,10,88.0,89.0,1.0,94.0,95.0,1.0,5.3,5.8,0.5,7.3,7.4,0.1,,,,,,,,,,,,
1026012,10,,,,,,,,,,,,,,,,4.6,5.0,0.4,4.9,5.4,0.5,,,
1026013,10,95.0,95.0,0.0,97.0,97.0,0.0,5.8,6.0,0.2,6.3,6.8,0.5,,,,,,,,,,,,
1026014,10,71.0,75.0,4.0,73.0,76.0,3.0,5.0,5.6,0.6,6.2,6.7,0.5,,,,,,,,,,,,
1026015,10,78.0,81.0,3.0,91.0,92.0,1.0,5.5,5.9,0.4,6.4,6.9,0.5,,,,,,,,,,,,
1026016,10,,,,,,,,,,,,,,,,4.6,5.0,0.4,5.2,5.6,0.4,,,
1026017,10,44.0,51.0,7.0,82.0,84.0,2.0,4.9,5.5,0.6,5.9,6.5,0.6,,,,,,,,,,,,
1026018,10,84.0,86.0,2.0,79.0,82.0,3.0,5.7,6.0,0.3,7.1,7.3,0.2,,,,,,,,,,,,
1026019,10,69.0,73.0,4.0,63.0,67.0,4.0,5.2,5.8,0.6,5.9,6.5,0.6,,,,,,,,,,,,
1026020,10,94.0,94.0,0.0,95.0,95.0,0.0,,,,,,,1.0,0.99,0.0,,,,,,,,,
1026021,10,,,,,,,,,,,,,,,,4.5,5.0,0.5,4.6,5.2,0.6,,,
1026024,10,,,,,,,,,,,,,,,,3.9,4.6,0.7,4.5,5.2,0.7,,,
1026025,10,61.0,66.0,5.0,72.0,75.0,3.0,5.9,6.1,0.2,6.9,7.1,0.2,,,,,,,,,,,,
1026026,10,,,,,,,,,,,,,,,,5.4,5.5,0.1,5.9,6.0,0.1,,,
1026028,10,,,,,,,,,,,,,,,,4.9,5.2,0.3,5.3,5.6,0.3,,,
1026029,10,,,,,,,,,,,,,,,,4.7,5.1,0.4,4.9,5.4,0.5,,,
1026030,10,,,,,,,,,,,,,,,,5.3,5.4,0.1,5.6,5.8,0.2,,,
1026031,10,79.0,82.0,3.0,97.0,97.0,0.0,5.6,6.0,0.4,6.6,7.0,0.4,,,,,,,,,,,,
1026201,10,48.0,55.0,7.0,63.0,67.0,4.0,5.1,5.7,0.6,5.6,6.3,0.7,,,,,,,,,,,,
1026202,10,65.0,70.0,5.0,87.0,89.0,2.0,5.1,5.7,0.6,5.7,6.3,0.6,,,,,,,,,,,,
1120001,11,,,,,,,,,,,,,,,,4.5,5.0,0.5,4.4,5.1,0.7,,,
1120002,11,85.0,87.0,2.0,74.0,77.0,3.0,5.7,6.0,0.3,6.5,6.9,0.4,,,,,,,,,,,,
1120003,11,73.0,76.0,3.0,86.0,88.0,2.0,5.6,6.0,0.4,7.1,7.3,0.2,,,,,,,,,,,,
1120004,11,,,,,,,,,,,,,,,,4.3,4.9,0.6,4.6,5.2,0.6,,,
1120005,11,,,,,,,,,,,,,,,,4.9,5.2,0.3,5.1,5.5,0.4,,,
1120006,11,91.0,92.0,1.0,97.0,97.0,0.0,6.0,6.1,0.1,6.5,6.9,0.4,,,,,,,,,,,,
1120007,11,47.0,54.0,7.0,65.0,69.0,4.0,5.5,5.9,0.4,5.8,6.5,0.7,,,,4.1,4.8,0.7,4.2,5.1,0.9,,,
1120008,11,73.0,76.0,3.0,85.0,87.0,2.0,5.7,6.0,0.3,6.5,6.9,0.4,,,,,,,,,,0.99,0.99,0.0
1120009,11,89.0,90.0,1.0,100.0,100.0,0.0,5.7,6.0,0.3,7.0,7.2,0.2,,,,,,,,,,0.99,0.99,0.0
1120010,11,80.0,82.0,2.0,84.0,86.0,2.0,6.3,6.2,0.0,6.5,6.9,0.4,,,,,,,,,,,,
1120012,11,,,,,,,,,,,,,,,,5.3,5.4,0.1,5.4,5.7,0.3,,,
1120013,11,80.0,82.0,2.0,100.0,100.0,0.0,5.7,6.0,0.3,6.1,6.7,0.6,,,,,,,,,,,,
1120014,11,77.0,80.0,3.0,75.0,78.0,3.0,5.1,5.7,0.6,5.9,6.5,0.6,,,,,,,,,,0.99,0.99,0.0
1120015,11,82.0,84.0,2.0,65.0,69.0,4.0,5.4,5.9,0.5,6.2,6.7,0.5,,,,4.2,4.8,0.6,4.3,5.0,0.7,,,
1120016,11,57.0,63.0,6.0,82.0,84.0,2.0,5.6,5.9,0.3,6.1,6.6,0.5,,,,,,,,,,,,
1120017,11,57.0,63.0,6.0,71.0,74.0,3.0,5.6,6.0,0.4,5.8,6.5,0.7,,,,,,,,,,0.99,0.99,0.0
1120018,11,74.0,77.0,3.0,96.0,96.0,0.0,5.4,5.9,0.5,7.5,7.5,0.0,,,,,,,,,,,,
1120019,11,74.0,77.0,3.0,82.0,84.0,2.0,,,,6.1,6.6,0.5,,,,4.8,5.1,0.3,5.4,5.7,0.3,,,
1120020,11,,,,,,,,,,,,,,,,4.4,5.1,0.7,4.6,5.5,0.9,,,
1120021,11,,,,,,,,,,,,,,,,4.5,4.9,0.4,4.8,5.3,0.5,,,
1120022,11,64.0,69.0,5.0,71.0,74.0,3.0,5.9,6.1,0.2,6.6,6.9,0.3,,,,,,,,,,,,
1120024,11,73.0,76.0,3.0,81.0,83.0,2.0,5.6,6.0,0.4,6.2,6.8,0.6,,,,,,,,,,,,
1120025,11,83.0,85.0,2.0,85.0,87.0,2.0,6.4,6.2,0.0,6.9,7.2,0.3,,,,,,,,,,,,
1120028,11,78.0,81.0,3.0,94.0,95.0,1.0,6.8,6.5,0.0,6.6,7.0,0.4,,,,,,,,,,0.99,0.99,0.0
1120029,11,,,,,,,,,,,,,,,,4.6,5.0,0.4,4.9,5.4,0.5,,,
1120030,11,88.0,89.0,1.0,84.0,86.0,2.0,5.5,5.9,0.4,6.4,6.9,0.5,,,,4.4,5.0,0.6,5.2,5.7,0.5,,,
1120031,11,,,,,,,,,,5.7,6.4,0.7,,,,4.8,5.2,0.4,5.3,5.7,0.4,,,
1120032,11,,,,,,,,,,,,,,,,5.4,5.5,0.1,5.5,5.8,0.3,,,
1120201,11,69.0,73.0,4.0,76.0,79.0,3.0,4.8,5.4,0.6,6.0,6.6,0.6,,,,,,,,,,0.99,0.99,0.0
1120501,11,,,,,,,,,,,,,,,,4.9,5.3,0.4,5.0,5.7,0.7,,,
1120502,11,72.0,76.0,4.0,88.0,90.0,2.0,5.0,5.6,0.6,5.7,6.4,0.7,,,,,,,,,,0.97,0.97,0.0
1120503,11,89.0,90.0,1.0,95.0,95.0,0.0,5.9,6.1,0.2,5.6,6.3,0.7,,,,,,,,,,0.99,0.99,0.0
